#include "AwarenessIconAssets.h"

#include "../../sdk/UI/Icons.h"
#include "../../DebugLog.h"

#include <cstddef>
#include <cstdint>

namespace NightSharp::Companion::AwarenessIconAssets {
namespace {

// Source: https://raw.communitydragon.org/latest/game/assets/ux/minimap/icons/baron.png
constexpr std::uint8_t awareness_baron[] = {
    0x89, 0x50, 0x4e, 0x47, 0x0d, 0x0a, 0x1a, 0x0a, 0x00, 0x00, 0x00, 0x0d, 0x49, 0x48, 0x44, 0x52, 
    0x00, 0x00, 0x00, 0x40, 0x00, 0x00, 0x00, 0x40, 0x08, 0x06, 0x00, 0x00, 0x00, 0xaa, 0x69, 0x71, 
    0xde, 0x00, 0x00, 0x0b, 0x0f, 0x49, 0x44, 0x41, 0x54, 0x78, 0xda, 0xed, 0x9b, 0x5f, 0x4c, 0x54, 
    0xd9, 0x1d, 0xc7, 0x65, 0x18, 0xf0, 0x32, 0x03, 0x38, 0x12, 0xc0, 0x59, 0x05, 0xcb, 0x08, 0xa2, 
    0xb3, 0x8e, 0xa3, 0x28, 0x8b, 0xe0, 0xa2, 0x23, 0xe8, 0x4a, 0x44, 0x11, 0x1d, 0x25, 0xfe, 0xd9, 
    0x4c, 0x54, 0x12, 0x8d, 0xdb, 0x44, 0xab, 0x25, 0x6e, 0x6c, 0x68, 0xa8, 0xb6, 0x53, 0xbb, 0x6c, 
    0xd0, 0xc6, 0x48, 0x48, 0x6d, 0x49, 0xcc, 0x6e, 0x4a, 0x36, 0x35, 0xcb, 0x9a, 0x34, 0xb1, 0xc4, 
    0x4d, 0xa9, 0xd6, 0x56, 0xdb, 0x66, 0x77, 0x49, 0x9f, 0xe8, 0x03, 0xbb, 0xb8, 0x36, 0x9b, 0xfa, 
    0xd0, 0x6e, 0xed, 0x9b, 0x0f, 0x7d, 0x38, 0xfd, 0xfe, 0x6e, 0xce, 0xf1, 0x9c, 0x39, 0x73, 0xe7, 
    0xde, 0x19, 0x60, 0xe2, 0x36, 0xf1, 0x24, 0x9f, 0x9c, 0x61, 0xee, 0xbd, 0xbf, 0x73, 0x7e, 0x9f, 
    0x73, 0xce, 0xbd, 0x77, 0xe6, 0x0e, 0xf3, 0x5e, 0x96, 0x97, 0xe5, 0x65, 0x99, 0x49, 0xc9, 0xe1, 
    0xb8, 0x14, 0x72, 0x44, 0x2d, 0xc8, 0x46, 0xbb, 0x8c, 0xb1, 0x84, 0x76, 0xfb, 0xfa, 0xfa, 0x64, 
    0xfb, 0x44, 0xb6, 0x0b, 0x6f, 0x50, 0xa5, 0x48, 0xc5, 0xef, 0xf7, 0xe7, 0xa2, 0x96, 0xcc, 0xbe, 
    0xb8, 0xe2, 0x3f, 0x8c, 0xbb, 0x42, 0xab, 0x42, 0xa2, 0x3d, 0xaf, 0x4a, 0x79, 0x49, 0xb9, 0x1b, 
    0xb5, 0x3b, 0x50, 0x11, 0x30, 0xeb, 0xce, 0xce, 0xce, 0xbc, 0x6c, 0xe6, 0xef, 0x52, 0xa8, 0x26, 
    0xf2, 0xf2, 0xf2, 0xd6, 0xa0, 0x5e, 0x23, 0x6a, 0xc3, 0x30, 0x96, 0xa2, 0x36, 0xf1, 0xf9, 0x7c, 
    0xb9, 0xf3, 0xdc, 0xf3, 0xe6, 0xcf, 0xa2, 0xbd, 0x3c, 0xde, 0x96, 0x5f, 0x61, 0x35, 0x91, 0x97, 
    0x9f, 0x47, 0x35, 0xb1, 0xc2, 0x5b, 0xe0, 0x5d, 0x81, 0x9a, 0x70, 0x03, 0x0f, 0xc8, 0x82, 0x04, 
    0x69, 0xbf, 0x9a, 0xb3, 0x8d, 0x13, 0x75, 0xb9, 0x5c, 0x51, 0xd4, 0x82, 0xfd, 0xa0, 0x89, 0xb3, 
    0x14, 0x5d, 0x5a, 0x04, 0x16, 0x08, 0x11, 0xcf, 0xfe, 0xfb, 0x2c, 0xe5, 0x34, 0xa5, 0xe9, 0x4d, 
    0x35, 0x1f, 0x45, 0xc2, 0xc7, 0x93, 0x5e, 0xc3, 0xd9, 0x0e, 0xf6, 0x68, 0xec, 0xe4, 0x08, 0x09, 
    0x65, 0xd9, 0x92, 0x60, 0x80, 0x52, 0x25, 0xf9, 0x5f, 0x81, 0x7f, 0x01, 0xa6, 0xf0, 0x39, 0xb8, 
    0x07, 0xde, 0x25, 0x11, 0x04, 0x12, 0x6f, 0x00, 0xb5, 0x5c, 0xc4, 0xfc, 0xe8, 0xbe, 0xa8, 0x3b, 
    0xc5, 0x5a, 0xcd, 0x01, 0xb9, 0x3c, 0x79, 0x2f, 0x28, 0x07, 0x2b, 0x94, 0xc4, 0x7b, 0xc0, 0x7b, 
    0xe0, 0x0e, 0x6f, 0x87, 0x29, 0x4c, 0x81, 0x6b, 0x5c, 0x44, 0x2d, 0xf0, 0xcd, 0xf9, 0x52, 0xc0, 
    0x74, 0x5e, 0xc0, 0xa7, 0xf6, 0x56, 0xf0, 0x11, 0x60, 0x0e, 0x3c, 0x05, 0x7f, 0x02, 0xdf, 0x07, 
    0x1b, 0x31, 0x65, 0x37, 0xa2, 0x5e, 0x0c, 0xbc, 0x76, 0x92, 0xa9, 0x1d, 0x8f, 0xc7, 0xb3, 0x00, 
    0x4b, 0xaa, 0x0e, 0x7f, 0xef, 0x03, 0xef, 0x80, 0x4f, 0x01, 0x4b, 0x83, 0x9f, 0x81, 0x46, 0x2c, 
    0xc3, 0x5a, 0x3e, 0x58, 0x2e, 0x30, 0x27, 0x65, 0x3e, 0x58, 0x04, 0xc2, 0x20, 0x06, 0x58, 0x86, 
    0x8c, 0x83, 0x37, 0x49, 0x04, 0xc5, 0xb1, 0x92, 0x80, 0x93, 0x9c, 0x41, 0x9e, 0x41, 0x1d, 0x10, 
    0xc9, 0x7f, 0x9c, 0x61, 0x3b, 0xff, 0xc1, 0x72, 0x6c, 0x47, 0x3d, 0xb7, 0x02, 0xea, 0xd6, 0xd6, 
    0x09, 0x01, 0x0d, 0x62, 0xf4, 0x67, 0x21, 0x61, 0x8d, 0x85, 0x04, 0x91, 0x7c, 0x15, 0x4f, 0xfe, 
    0x9c, 0x98, 0xe6, 0x99, 0x02, 0x01, 0xa7, 0x31, 0x7b, 0xe6, 0x5e, 0x00, 0xa6, 0xa6, 0x10, 0x70, 
    0x4d, 0x6d, 0x30, 0x52, 0xd9, 0xc4, 0xc6, 0x0f, 0x8d, 0x3e, 0xe7, 0x70, 0x28, 0xca, 0x96, 0x16, 
    0x2f, 0xb1, 0x93, 0xb0, 0x4f, 0x93, 0xe0, 0x53, 0x92, 0x6f, 0xa4, 0xed, 0xa9, 0x92, 0x0f, 0x97, 
    0x85, 0xd8, 0xe0, 0xf6, 0x7e, 0x93, 0xe9, 0xb7, 0x26, 0xa8, 0xb6, 0x6a, 0xe3, 0x02, 0x68, 0x9c, 
    0xeb, 0x25, 0x50, 0x00, 0x4a, 0x60, 0x96, 0x04, 0x9c, 0x01, 0x4c, 0xe7, 0xe9, 0xd9, 0x69, 0x93, 
    0x67, 0x9c, 0x0f, 0x3b, 0x87, 0x99, 0xbf, 0xd0, 0xcf, 0x30, 0xb4, 0x2a, 0xb4, 0xef, 0x2f, 0x41, 
    0x3b, 0x08, 0x11, 0x88, 0x19, 0x24, 0xf0, 0xba, 0x0d, 0xa3, 0x77, 0x02, 0xf5, 0x7d, 0x35, 0xae, 
    0xcf, 0xf0, 0x99, 0xdc, 0xdc, 0x7d, 0x9d, 0xe2, 0xaa, 0x58, 0x25, 0xff, 0x35, 0x17, 0xb8, 0x8a, 
    0x4b, 0xcd, 0x05, 0x73, 0x56, 0x4a, 0xc0, 0x6a, 0x70, 0x08, 0x8c, 0xe9, 0x8d, 0xdf, 0xd8, 0x39, 
    0x28, 0x05, 0x48, 0xac, 0x04, 0x7c, 0x89, 0x44, 0x2f, 0x81, 0x93, 0x5c, 0x44, 0x1b, 0x38, 0xc1, 
    0x93, 0x8f, 0xeb, 0x71, 0x63, 0xab, 0xf6, 0xcb, 0x78, 0x0a, 0xd1, 0xe5, 0xed, 0x56, 0x02, 0x46, 
    0xb2, 0x23, 0x40, 0xce, 0x00, 0x21, 0xe0, 0x1d, 0xf0, 0x44, 0x6d, 0xbc, 0x13, 0x1d, 0xb2, 0x12, 
    0xf0, 0xe4, 0xd4, 0xa4, 0x2e, 0x80, 0xb8, 0xcf, 0xf9, 0x52, 0xe1, 0xf7, 0x1c, 0x26, 0x08, 0x95, 
    0x05, 0x65, 0x2c, 0x67, 0x01, 0x53, 0x90, 0x78, 0x51, 0x08, 0xf0, 0x2d, 0xf4, 0xf9, 0xea, 0xea, 
    0xeb, 0x72, 0x67, 0x7e, 0x7b, 0x2c, 0x6f, 0x4c, 0x0a, 0xb0, 0xfe, 0x4b, 0x70, 0x69, 0xaa, 0xc1, 
    0xeb, 0x2d, 0x68, 0xe4, 0x8c, 0xd3, 0x0c, 0xd0, 0x05, 0x44, 0x6b, 0xda, 0xa4, 0x80, 0x0c, 0x88, 
    0xb7, 0xf4, 0x52, 0x8c, 0x4c, 0x67, 0xc0, 0x31, 0xd0, 0x08, 0x2a, 0x81, 0x2f, 0x12, 0x89, 0xb8, 
    0x67, 0x2c, 0xa1, 0x63, 0x77, 0x47, 0x9e, 0xbf, 0xd4, 0x5f, 0x68, 0xe4, 0x1b, 0x85, 0xfc, 0x12, 
    0xb8, 0x17, 0x3c, 0x50, 0x1b, 0x35, 0xdc, 0x86, 0xc9, 0x93, 0xb7, 0x26, 0x2d, 0x99, 0x3e, 0xfe, 
    0x90, 0xb5, 0x07, 0x5a, 0xb5, 0x8e, 0xea, 0xc7, 0x4b, 0xd4, 0x6d, 0xc3, 0x6f, 0x0c, 0xb0, 0xa7, 
    0x88, 0x21, 0x91, 0x71, 0x7f, 0xbe, 0xfd, 0x8a, 0xdd, 0x89, 0xf6, 0x30, 0x68, 0x02, 0xaf, 0x80, 
    0x02, 0x30, 0xe3, 0xe2, 0x01, 0x6a, 0xf2, 0x77, 0xac, 0x12, 0x18, 0x6e, 0xbb, 0x6a, 0x2b, 0x00, 
    0xfb, 0xcd, 0x48, 0x40, 0xfd, 0xa2, 0x70, 0xb2, 0x80, 0xcc, 0x25, 0x94, 0xcc, 0x54, 0x82, 0x07, 
    0x94, 0x61, 0xf4, 0xf5, 0xe4, 0x55, 0x6c, 0x93, 0x07, 0xb6, 0xa3, 0x3f, 0xb8, 0x25, 0xce, 0xde, 
    0x6f, 0x1f, 0x62, 0x5d, 0x2b, 0x3a, 0x35, 0x01, 0x92, 0x23, 0x2b, 0xa3, 0x16, 0x02, 0x24, 0x57, 
    0x10, 0x23, 0x45, 0xfc, 0x61, 0x2e, 0xa1, 0x26, 0x73, 0x09, 0xf2, 0x83, 0x48, 0x2d, 0x4f, 0x7e, 
    0x08, 0x30, 0x9d, 0xf1, 0xae, 0x51, 0xdb, 0xe4, 0x71, 0x19, 0x4c, 0x99, 0xf8, 0xf4, 0xb1, 0x87, 
    0x26, 0x4f, 0x4f, 0x4d, 0x0b, 0x48, 0x44, 0xd2, 0xbe, 0x7e, 0xc3, 0x47, 0xa4, 0x14, 0x30, 0x89, 
    0x18, 0x36, 0x12, 0x7a, 0x41, 0x04, 0x2c, 0xc9, 0x44, 0x80, 0x8b, 0x53, 0x09, 0x1a, 0xc1, 0xdb, 
    0xe0, 0x9f, 0xfa, 0x75, 0x79, 0x32, 0xf6, 0xd0, 0xe4, 0xf1, 0xb1, 0xcf, 0x54, 0x44, 0x62, 0x96, 
    0x23, 0xda, 0x56, 0x19, 0x61, 0x93, 0x87, 0xef, 0xb3, 0x27, 0xc7, 0x27, 0x12, 0x78, 0xdc, 0xfd, 
    0x89, 0x80, 0x62, 0x9a, 0xf1, 0x05, 0xe2, 0xd8, 0x6d, 0x38, 0x76, 0xe2, 0xd0, 0x38, 0xf6, 0xf9, 
    0x4c, 0x41, 0xb6, 0x77, 0x7d, 0x6b, 0xbf, 0xdc, 0x5f, 0xf2, 0x55, 0x9e, 0x3b, 0xaf, 0x03, 0x75, 
    0x10, 0xe4, 0x13, 0x8e, 0x27, 0xc4, 0xd6, 0x96, 0x56, 0x35, 0xf9, 0x7d, 0xe0, 0x8f, 0x4a, 0x40, 
    0x91, 0xbc, 0xad, 0x80, 0xa1, 0xd6, 0x4b, 0x49, 0x02, 0xae, 0xbc, 0xde, 0xc7, 0x26, 0x91, 0xc0, 
    0xf4, 0x91, 0x3f, 0xab, 0xf0, 0xc4, 0x25, 0x22, 0x6e, 0xb4, 0x66, 0x97, 0x9e, 0x90, 0x8d, 0x00, 
    0x29, 0x01, 0xfb, 0xe9, 0x8c, 0x69, 0x12, 0x72, 0x9d, 0xbe, 0xea, 0x52, 0x05, 0x9c, 0xd6, 0x03, 
    0x52, 0xc7, 0x54, 0x01, 0x53, 0xb1, 0x07, 0x2a, 0x66, 0x47, 0x3a, 0xab, 0xdb, 0xa4, 0x00, 0x99, 
    0xbc, 0xa5, 0x80, 0x29, 0x0d, 0x8a, 0xa9, 0x4a, 0x50, 0xdb, 0xee, 0x47, 0x9c, 0xa9, 0x37, 0x1f, 
    0xa8, 0x48, 0x01, 0x9c, 0xae, 0x60, 0x97, 0x95, 0x84, 0x33, 0x20, 0xe8, 0x2b, 0xf4, 0x91, 0x80, 
    0x3c, 0xdb, 0xeb, 0x7e, 0x79, 0x59, 0xb9, 0x10, 0xb0, 0x0f, 0xdc, 0x55, 0x03, 0x2d, 0xf1, 0xf8, 
    0xa9, 0x63, 0xba, 0x00, 0x4a, 0x4c, 0x08, 0xd0, 0x67, 0x80, 0x48, 0x5e, 0x82, 0x25, 0xa0, 0x82, 
    0x18, 0xb6, 0x20, 0x69, 0x75, 0x06, 0x38, 0x0a, 0xb8, 0xb9, 0xef, 0xa6, 0x95, 0x80, 0x41, 0x65, 
    0x16, 0xcc, 0xb7, 0x5b, 0x06, 0xb9, 0xa0, 0x18, 0xac, 0x05, 0x51, 0xfd, 0x43, 0x49, 0x7f, 0xc3, 
    0x79, 0x4a, 0xc2, 0x96, 0x89, 0xae, 0xdb, 0x26, 0x01, 0x5f, 0x80, 0x0d, 0x6e, 0xfe, 0x91, 0xd3, 
    0xfe, 0x69, 0xc5, 0xfb, 0x76, 0x28, 0xc6, 0x9a, 0xfc, 0x75, 0xf4, 0x3a, 0x8d, 0xfd, 0xc7, 0x59, 
    0x7f, 0x23, 0x97, 0x26, 0xb9, 0x0b, 0xb6, 0x80, 0x80, 0xdf, 0xef, 0xf7, 0xca, 0x74, 0x9d, 0x05, 
    0x30, 0x95, 0x89, 0xbd, 0xb7, 0xd9, 0x5f, 0xbb, 0x3e, 0xb6, 0x83, 0x0b, 0x10, 0x38, 0xee, 0x3f, 
    0xd7, 0xf1, 0x52, 0x09, 0x78, 0x24, 0x04, 0x00, 0xaf, 0xed, 0x0c, 0xc0, 0x6d, 0x6f, 0x46, 0x02, 
    0x3e, 0xd9, 0x3b, 0xa6, 0xa2, 0x77, 0x58, 0xdf, 0x47, 0x3d, 0x8e, 0x6a, 0xbb, 0xf7, 0x9c, 0xe2, 
    0xe9, 0xfd, 0x70, 0x12, 0x70, 0x94, 0x0b, 0x28, 0x4a, 0x29, 0xa0, 0xab, 0xab, 0xcb, 0x49, 0x80, 
    0x9e, 0xb0, 0xa3, 0x00, 0x75, 0xdb, 0xc3, 0x0e, 0x8b, 0xe3, 0x33, 0x8f, 0x67, 0x47, 0x4a, 0x01, 
    0xf8, 0x0c, 0x93, 0xb6, 0x00, 0x83, 0x7f, 0x3e, 0x6f, 0x07, 0x4f, 0xd5, 0x40, 0x83, 0x8d, 0x71, 
    0x33, 0x89, 0x3f, 0xb4, 0xdf, 0xa2, 0x5a, 0x7d, 0x2d, 0xff, 0xee, 0xb8, 0xa5, 0x60, 0xb1, 0xdf, 
    0x8e, 0xd1, 0x04, 0xc6, 0x35, 0xd4, 0xfd, 0x4d, 0x3a, 0x32, 0xe3, 0xf6, 0x1b, 0x23, 0xec, 0x7c, 
    0xf8, 0xb4, 0x2e, 0xe0, 0x0b, 0x70, 0xd0, 0x30, 0x8c, 0x72, 0xa7, 0x25, 0xe0, 0x02, 0x06, 0x08, 
    0x42, 0x02, 0x09, 0x98, 0xd0, 0x05, 0xa0, 0x53, 0x36, 0xc8, 0x8e, 0xdc, 0xdb, 0x71, 0x93, 0x6a, 
    0x7d, 0xbb, 0x93, 0x00, 0xeb, 0x78, 0x7a, 0x4c, 0xfd, 0x3d, 0x67, 0x01, 0xbf, 0x05, 0x1b, 0x80, 
    0xa3, 0x80, 0x1c, 0x21, 0x00, 0x24, 0x09, 0xe8, 0x5e, 0x7e, 0x90, 0xdd, 0x6b, 0xbb, 0x69, 0xcf, 
    0x0e, 0x0d, 0x6d, 0xbb, 0x83, 0x00, 0x87, 0x78, 0xce, 0x90, 0x80, 0xe6, 0x45, 0x1b, 0x74, 0x01, 
    0xbf, 0x90, 0x02, 0x1c, 0x1e, 0xd4, 0x68, 0x02, 0x46, 0xd5, 0x40, 0x75, 0x25, 0x21, 0x36, 0x8e, 
    0x06, 0x66, 0x03, 0x25, 0x7d, 0x75, 0xc3, 0x45, 0x16, 0x2c, 0x0d, 0x9a, 0x18, 0x85, 0x06, 0xdb, 
    0x56, 0x15, 0x11, 0x02, 0x66, 0x1d, 0x1f, 0x02, 0x64, 0xe2, 0x92, 0xef, 0x29, 0x02, 0xdc, 0xc0, 
    0xbe, 0xf0, 0x27, 0x39, 0x61, 0x70, 0x4a, 0x0f, 0x36, 0xda, 0x3c, 0x9c, 0xc0, 0x58, 0xeb, 0xfb, 
    0x09, 0xdc, 0x6e, 0x19, 0x4e, 0x60, 0xbc, 0x65, 0x24, 0x81, 0x91, 0xe6, 0x01, 0x86, 0x3b, 0x32, 
    0x4b, 0x86, 0xb1, 0x0d, 0xc7, 0x38, 0x30, 0x92, 0xc0, 0xaf, 0x23, 0x37, 0x12, 0xe8, 0x4b, 0x9e, 
    0xfe, 0xff, 0x06, 0x27, 0xc1, 0x72, 0x9e, 0x7c, 0x6e, 0x26, 0x02, 0x62, 0xf8, 0x6b, 0x52, 0x0d, 
    0xd8, 0xb3, 0xf2, 0xa4, 0x2a, 0x80, 0x1a, 0xa5, 0xc4, 0xa9, 0x26, 0xb4, 0xce, 0x62, 0xfb, 0xe6, 
    0x44, 0x5a, 0x2a, 0x9a, 0x52, 0x0a, 0xd8, 0x8c, 0x6d, 0x0e, 0x02, 0x10, 0xe3, 0x86, 0x4a, 0x92, 
    0x80, 0x48, 0xf2, 0xf4, 0xff, 0x14, 0x6c, 0x27, 0x01, 0xb8, 0xcb, 0x25, 0x01, 0xae, 0x74, 0x05, 
    0x7c, 0x0b, 0x74, 0xe8, 0xcf, 0x01, 0x9a, 0x4a, 0xeb, 0xa5, 0x00, 0x49, 0xda, 0x02, 0x90, 0xa8, 
    0x1d, 0x8e, 0x02, 0x6e, 0xbd, 0x7e, 0x9d, 0x12, 0xa7, 0x9a, 0xd0, 0x05, 0x58, 0x4d, 0xff, 0x7e, 
    0x21, 0x20, 0x50, 0x15, 0x80, 0x80, 0x34, 0x0b, 0x17, 0xb0, 0x19, 0xd7, 0xcf, 0xef, 0xda, 0x2d, 
    0x03, 0x1d, 0xea, 0xe4, 0xa9, 0x95, 0x47, 0x59, 0x7b, 0x45, 0xab, 0x59, 0x0f, 0x37, 0x0e, 0x64, 
    0x24, 0xe0, 0xc3, 0xe6, 0xa1, 0xe7, 0x0c, 0xd7, 0x0f, 0xb0, 0x68, 0x55, 0xbb, 0x49, 0xcf, 0xaa, 
    0xe3, 0x42, 0x80, 0x44, 0x13, 0x70, 0x6e, 0xf9, 0xc9, 0x94, 0xd3, 0xdf, 0xeb, 0xf1, 0x52, 0xf2, 
    0x69, 0x0b, 0xc8, 0x07, 0xa5, 0x60, 0x0d, 0xd8, 0x03, 0x1e, 0xab, 0x81, 0x4f, 0x2f, 0x8b, 0xb1, 
    0x11, 0x74, 0x8e, 0x18, 0x6d, 0x1c, 0x64, 0x1f, 0xbc, 0x76, 0x95, 0x6a, 0x93, 0x58, 0x20, 0xaa, 
    0x27, 0x65, 0xee, 0x27, 0xd8, 0xec, 0x6f, 0x48, 0x99, 0x3c, 0x6d, 0x13, 0xfb, 0xf5, 0xd4, 0x76, 
    0x27, 0x6d, 0x1f, 0x58, 0xdb, 0xcb, 0xdb, 0x91, 0xa8, 0xb1, 0x9b, 0x17, 0xd6, 0xeb, 0x02, 0x26, 
    0xc0, 0x6e, 0x79, 0x0b, 0x9c, 0x59, 0x29, 0x02, 0x01, 0xcc, 0x00, 0x12, 0xf0, 0x81, 0x1a, 0x78, 
    0xc3, 0xc2, 0xb0, 0x68, 0x94, 0x92, 0x4f, 0xa0, 0xa1, 0xbc, 0x2e, 0xa9, 0xe3, 0x2d, 0xaf, 0x34, 
    0x3d, 0xdf, 0x7f, 0x78, 0x6d, 0x3c, 0xa5, 0x00, 0x6c, 0x13, 0xfb, 0x59, 0x6e, 0x6f, 0xf2, 0xaf, 
    0xd7, 0xdb, 0x4b, 0x10, 0x60, 0xcc, 0x33, 0xf4, 0xc7, 0x64, 0x3f, 0x46, 0xdd, 0x3a, 0x53, 0x01, 
    0xf9, 0x60, 0x31, 0x58, 0x0f, 0xde, 0x05, 0x4c, 0x45, 0x34, 0xfa, 0xde, 0xba, 0x2b, 0x2a, 0x52, 
    0x80, 0x86, 0x2a, 0x00, 0xa8, 0x33, 0x81, 0x5e, 0x8b, 0xf7, 0x2d, 0x46, 0x5f, 0xd2, 0x5d, 0x73, 
    0x20, 0xa9, 0x3d, 0x11, 0xf7, 0xcc, 0xb2, 0xa3, 0x52, 0x80, 0xe4, 0x94, 0xbc, 0xfc, 0x65, 0x58, 
    0x22, 0x91, 0x88, 0x58, 0x06, 0xeb, 0x79, 0x20, 0xa6, 0x2d, 0x03, 0x9e, 0x50, 0x22, 0xf1, 0x50, 
    0x8f, 0x93, 0x00, 0x1b, 0xec, 0x67, 0x00, 0x96, 0x80, 0xde, 0x9e, 0x9d, 0x80, 0x7f, 0x80, 0x2e, 
    0x10, 0x02, 0xde, 0x99, 0xfc, 0x16, 0x28, 0x87, 0x2f, 0x83, 0x75, 0x98, 0x4a, 0xfb, 0xf5, 0xef, 
    0x06, 0x62, 0xfe, 0x83, 0x6c, 0xa0, 0x06, 0x9d, 0x0e, 0x25, 0x32, 0xb8, 0xb2, 0xd7, 0xa4, 0xa1, 
    0x2c, 0x4c, 0x37, 0x39, 0xe6, 0xcd, 0xce, 0x99, 0xc0, 0x71, 0xbc, 0x17, 0x07, 0x20, 0x64, 0xcf, 
    0xd0, 0xca, 0x0b, 0x26, 0x07, 0x2a, 0x76, 0x31, 0xbf, 0xcf, 0x6f, 0x26, 0xde, 0x5c, 0xb6, 0x5e, 
    0xc4, 0xb5, 0x68, 0x0f, 0x80, 0xba, 0xa2, 0x90, 0x3e, 0xfa, 0xf7, 0x70, 0x3b, 0xdf, 0x6a, 0xe4, 
    0x1b, 0x81, 0x99, 0x7e, 0x2d, 0x9e, 0x03, 0x0a, 0x0c, 0xc3, 0xf0, 0xa1, 0xde, 0xaf, 0x3f, 0xab, 
    0x0f, 0x17, 0x86, 0x20, 0x80, 0x3a, 0x7c, 0x91, 0xa0, 0xce, 0x50, 0x4d, 0x9d, 0xd4, 0x88, 0x4b, 
    0x14, 0x01, 0xb4, 0x54, 0x48, 0x90, 0x99, 0x60, 0x79, 0x83, 0x26, 0x40, 0x22, 0xe2, 0xe8, 0x02, 
    0x64, 0x7b, 0x71, 0xc2, 0xea, 0x31, 0xf9, 0x45, 0xbe, 0xfe, 0x17, 0x39, 0x9f, 0xfd, 0x9d, 0xbf, 
    0x1e, 0x5f, 0x07, 0xde, 0x06, 0x4c, 0x9f, 0x05, 0x57, 0x6b, 0xfa, 0x84, 0x84, 0x34, 0x05, 0xc8, 
    0xe4, 0x85, 0x00, 0x29, 0xc1, 0x59, 0x80, 0xda, 0x96, 0x10, 0xd0, 0xbd, 0xf8, 0xa0, 0xd5, 0xe7, 
    0xff, 0x63, 0x98, 0x01, 0xd5, 0xa8, 0x4b, 0x66, 0x23, 0x20, 0x17, 0xf8, 0xd4, 0x65, 0xa0, 0xcf, 
    0x02, 0x08, 0x50, 0x49, 0x4b, 0x00, 0x12, 0xd7, 0x05, 0x10, 0xe9, 0x08, 0xd0, 0xdb, 0x13, 0xa3, 
    0xaf, 0x73, 0x0f, 0xfd, 0xa5, 0xd1, 0xaf, 0xc6, 0xa3, 0xbd, 0xe2, 0xd9, 0x3e, 0x1c, 0xa5, 0x52, 
    0x0a, 0x36, 0x81, 0x9f, 0x26, 0xcd, 0x82, 0xb2, 0x28, 0x1b, 0xa8, 0xea, 0xb5, 0xa1, 0x27, 0x81, 
    0x38, 0xde, 0x6b, 0x28, 0x59, 0xcf, 0x93, 0x96, 0xd0, 0x7b, 0xb4, 0xad, 0xbf, 0xea, 0x9c, 0x0a, 
    0x96, 0x59, 0x2f, 0x81, 0xd7, 0xe7, 0x51, 0x27, 0xc7, 0x8f, 0x96, 0xb6, 0x5b, 0x09, 0xf8, 0x0e, 
    0x58, 0xc1, 0xc9, 0x07, 0x33, 0x2e, 0xa6, 0x00, 0x4f, 0x91, 0x87, 0x04, 0xac, 0x04, 0x7b, 0xf5, 
    0xc7, 0xe2, 0x61, 0x4f, 0x30, 0xa1, 0x43, 0xfd, 0x4b, 0xcf, 0xab, 0x58, 0x09, 0x10, 0x12, 0xf4, 
    0xe4, 0x2d, 0x05, 0x50, 0xe2, 0x2a, 0xba, 0x80, 0x25, 0xf9, 0x7e, 0x3d, 0xf9, 0x31, 0xb0, 0xd3, 
    0x5b, 0xe8, 0xa5, 0xe4, 0x73, 0x39, 0xb3, 0x2e, 0x42, 0xc0, 0x26, 0xf0, 0x13, 0xab, 0x59, 0xa0, 
    0x0b, 0xb8, 0x54, 0x79, 0x8e, 0xb0, 0x12, 0x60, 0x8b, 0x2e, 0xe0, 0x52, 0x85, 0x44, 0x17, 0x50, 
    0xef, 0x09, 0x5b, 0x8e, 0xbe, 0xf8, 0xdd, 0x60, 0xa0, 0x26, 0x80, 0xe4, 0xe7, 0xa8, 0xd0, 0x2c, 
    0xc0, 0x4f, 0xdd, 0x48, 0xc2, 0x01, 0x39, 0x0b, 0x24, 0x6a, 0xc7, 0x84, 0x80, 0x78, 0x85, 0x4c, 
    0xbc, 0xb3, 0xa4, 0x85, 0xd5, 0x15, 0x06, 0x59, 0xec, 0x95, 0x03, 0xb6, 0x02, 0x62, 0xa5, 0x9d, 
    0xac, 0xce, 0x08, 0x52, 0x6d, 0x2b, 0xe0, 0x68, 0xd9, 0x7e, 0xab, 0x1b, 0x9f, 0xdf, 0xf0, 0xe4, 
    0xe7, 0x74, 0xf4, 0xa9, 0xb8, 0x81, 0x01, 0x2a, 0xc1, 0x6a, 0xd0, 0xa3, 0x0b, 0x08, 0x16, 0x04, 
    0x59, 0x6f, 0x05, 0x8d, 0x60, 0x3c, 0x91, 0xca, 0x3e, 0x93, 0x6d, 0xc5, 0x11, 0x75, 0x7f, 0xc8, 
    0x08, 0xb3, 0x6e, 0x7f, 0x8c, 0xf5, 0x40, 0xd2, 0xae, 0x92, 0x5d, 0xac, 0xb6, 0xa0, 0x36, 0x61, 
    0xfb, 0xc1, 0x92, 0x28, 0x8b, 0x23, 0xde, 0xa5, 0xa5, 0x17, 0x54, 0xa8, 0x0d, 0xc2, 0x6a, 0xe4, 
    0xa7, 0xc1, 0x61, 0xd0, 0x00, 0x16, 0xa9, 0xdf, 0xfc, 0xcc, 0xa5, 0x04, 0x1f, 0x17, 0xb0, 0x07, 
    0xdc, 0xb1, 0x90, 0xe0, 0x24, 0xc0, 0x19, 0x67, 0x01, 0x76, 0x4f, 0x82, 0x9b, 0x70, 0xe3, 0xb3, 
    0x14, 0xf5, 0x02, 0x90, 0x95, 0x62, 0x00, 0x2f, 0xae, 0xaf, 0x5c, 0x82, 0xb8, 0x2c, 0x4a, 0xb6, 
    0xf9, 0x5a, 0xb3, 0x2a, 0x00, 0x92, 0x6d, 0x7f, 0x10, 0xe1, 0x2b, 0xf2, 0x2d, 0x50, 0x47, 0x3f, 
    0x1b, 0xb3, 0xc0, 0x0b, 0x56, 0x2b, 0x4b, 0xe1, 0x6b, 0x0b, 0x09, 0x59, 0x11, 0xe0, 0x77, 0xfb, 
    0x2d, 0xa7, 0x3e, 0xae, 0xf9, 0xf2, 0x27, 0x31, 0x94, 0x7c, 0x16, 0x4b, 0x0e, 0xaf, 0x4b, 0xc0, 
    0x72, 0xd0, 0x0a, 0xce, 0x03, 0xa6, 0x43, 0x6b, 0x9a, 0xd6, 0x77, 0x1f, 0x92, 0x27, 0x22, 0xc9, 
    0x02, 0xbe, 0xe2, 0x30, 0xf0, 0xf7, 0xe4, 0x2b, 0xcb, 0x41, 0x9c, 0xec, 0xe2, 0x60, 0x00, 0xaf, 
    0x63, 0xa9, 0x44, 0x3d, 0xc2, 0x90, 0x9c, 0x00, 0x1b, 0x41, 0x25, 0x28, 0xe6, 0x27, 0xbe, 0xac, 
    0x97, 0x02, 0x45, 0xc2, 0x6b, 0xaa, 0x04, 0x1d, 0x24, 0x9e, 0x4a, 0xc0, 0x5f, 0xc0, 0x35, 0x70, 
    0x19, 0x23, 0x78, 0x99, 0x24, 0xe8, 0x02, 0x88, 0xb0, 0x27, 0x9c, 0x32, 0x79, 0xf0, 0x03, 0x2d, 
    0x79, 0xbd, 0x64, 0x5f, 0x02, 0x17, 0x70, 0x80, 0x4b, 0xf8, 0x02, 0xb0, 0x34, 0xf9, 0x08, 0xc4, 
    0x40, 0x17, 0x38, 0x0b, 0x1e, 0x3a, 0xec, 0xaf, 0x27, 0x7f, 0x04, 0x44, 0xf4, 0xe4, 0x5f, 0x84, 
    0x84, 0x52, 0x92, 0x80, 0x13, 0xa3, 0x98, 0x09, 0x53, 0x69, 0x26, 0x71, 0x1e, 0xb4, 0x82, 0x26, 
    0xce, 0xe5, 0x34, 0x8f, 0xbb, 0x2b, 0x92, 0x07, 0x55, 0x2f, 0x26, 0x79, 0xf9, 0x39, 0x21, 0x17, 
    0x1d, 0x30, 0xc0, 0x42, 0xb0, 0x0c, 0x34, 0xe3, 0xbd, 0x0e, 0x30, 0xe8, 0x90, 0xc4, 0x98, 0x72, 
    0xc3, 0x52, 0xc5, 0xd9, 0x0c, 0xfe, 0x66, 0x73, 0xcc, 0xe7, 0x60, 0x08, 0xec, 0x01, 0x4d, 0x45, 
    0xc5, 0x45, 0xcb, 0xf8, 0x09, 0x39, 0x1f, 0xbc, 0xe0, 0x22, 0x25, 0xd0, 0x59, 0xf8, 0x55, 0xdc, 
    0x31, 0x92, 0x84, 0xb3, 0x5c, 0xc4, 0x23, 0x6d, 0xea, 0x5e, 0xc3, 0x9a, 0x17, 0xc9, 0xeb, 0x02, 
    0x62, 0xe0, 0x77, 0x60, 0x1a, 0x30, 0xaa, 0xb5, 0xc4, 0x89, 0xd5, 0xe2, 0x19, 0x9f, 0x76, 0x62, 
    0x7e, 0xf1, 0x12, 0x08, 0xdc, 0x32, 0xcf, 0x87, 0x80, 0x57, 0x49, 0x04, 0xe8, 0x40, 0xb2, 0x5b, 
    0x51, 0x77, 0x73, 0xb6, 0x62, 0xa9, 0xa8, 0xc9, 0xbb, 0xab, 0x6b, 0xaa, 0x5d, 0xa8, 0x09, 0x21, 
    0x62, 0x13, 0x8e, 0xd9, 0x44, 0x32, 0x50, 0xc7, 0x44, 0xd2, 0x02, 0x8c, 0x3c, 0x4f, 0xfe, 0x9b, 
    0x5b, 0xe6, 0x0b, 0xb8, 0x84, 0x1a, 0x15, 0x91, 0xb8, 0x82, 0x0b, 0xa8, 0x12, 0x2a, 0x05, 0x90, 
    0x25, 0x6e, 0xbd, 0xbd, 0x45, 0x45, 0x45, 0x5e, 0xaa, 0x83, 0xa1, 0xe0, 0x37, 0x39, 0x79, 0x79, 
    0x6e, 0x00, 0xf9, 0xa0, 0x00, 0x78, 0x41, 0x11, 0xc7, 0x0b, 0x0c, 0x8b, 0x9f, 0xab, 0x99, 0xc7, 
    0xd4, 0xaf, 0xaf, 0xcf, 0x53, 0x7e, 0x9e, 0x5b, 0xcc, 0x6b, 0x2f, 0x28, 0xc0, 0x36, 0xb7, 0xfc, 
    0xc7, 0xc9, 0xff, 0x9f, 0x92, 0x63, 0x89, 0x7d, 0x71, 0x69, 0xe4, 0xbc, 0xfc, 0x47, 0xdd, 0x97, 
    0x25, 0x7b, 0xe5, 0x7f, 0xc8, 0x3d, 0x73, 0x03, 0x78, 0x42, 0x73, 0x72, 0x00, 0x00, 0x00, 0x00, 
    0x49, 0x45, 0x4e, 0x44, 0xae, 0x42, 0x60, 0x82
};

// Source: https://raw.communitydragon.org/latest/game/assets/ux/minimap/icons/dragon.png
constexpr std::uint8_t awareness_dragon[] = {
    0x89, 0x50, 0x4e, 0x47, 0x0d, 0x0a, 0x1a, 0x0a, 0x00, 0x00, 0x00, 0x0d, 0x49, 0x48, 0x44, 0x52, 
    0x00, 0x00, 0x00, 0x40, 0x00, 0x00, 0x00, 0x40, 0x08, 0x06, 0x00, 0x00, 0x00, 0xaa, 0x69, 0x71, 
    0xde, 0x00, 0x00, 0x09, 0x6a, 0x49, 0x44, 0x41, 0x54, 0x78, 0xda, 0xed, 0x9a, 0x6d, 0x68, 0x1c, 
    0xc7, 0x1d, 0xc6, 0xb5, 0xf7, 0xa6, 0xf5, 0x9d, 0x4e, 0x5a, 0x74, 0x92, 0x7c, 0xd2, 0x11, 0xeb, 
    0x14, 0x45, 0xb2, 0x0f, 0x9f, 0x65, 0x29, 0x91, 0xaf, 0x91, 0x63, 0xec, 0xb8, 0x36, 0x75, 0xac, 
    0xc8, 0x16, 0x3a, 0xeb, 0x2c, 0xe7, 0x40, 0xbd, 0xda, 0x4d, 0xa9, 0x4a, 0x11, 0xa4, 0x34, 0x75, 
    0x49, 0x8d, 0x71, 0x42, 0x1d, 0xd3, 0xba, 0x8d, 0x83, 0x8a, 0xe9, 0xeb, 0x61, 0xd5, 0x85, 0x42, 
    0x30, 0x4d, 0x03, 0x85, 0xb8, 0xd0, 0x54, 0x34, 0x10, 0x12, 0x12, 0x02, 0xfd, 0x98, 0x0f, 0xa6, 
    0x54, 0xe4, 0x05, 0xfc, 0xd1, 0x90, 0x2f, 0xfa, 0x10, 0x98, 0xc9, 0xf3, 0x3f, 0x66, 0x34, 0xb3, 
    0x6f, 0xf6, 0x9d, 0x63, 0xdf, 0xf9, 0x88, 0xc6, 0xfc, 0x98, 0xdb, 0xdd, 0xd9, 0xdd, 0x79, 0x7e, 
    0x33, 0xab, 0xdb, 0xdd, 0x73, 0xcb, 0x46, 0xd9, 0x28, 0x1b, 0x65, 0xa3, 0x6c, 0x94, 0x8d, 0xb2, 
    0x51, 0x36, 0x4a, 0x9d, 0xcb, 0x23, 0xe0, 0x3a, 0xe0, 0x82, 0xeb, 0xa6, 0x69, 0x3e, 0xf2, 0x75, 
    0x0a, 0xcf, 0x7d, 0x68, 0x6a, 0x09, 0x8b, 0x60, 0x49, 0xd4, 0xbe, 0x45, 0x8e, 0xbc, 0x0f, 0xd7, 
    0x6b, 0x3c, 0x47, 0xe3, 0x4b, 0x38, 0x1c, 0xa6, 0x51, 0xbb, 0xe1, 0x08, 0x72, 0xc3, 0x67, 0x34, 
    0x0f, 0x00, 0x7e, 0x07, 0xd0, 0xc6, 0x55, 0x7c, 0xcf, 0xc1, 0x39, 0x37, 0x1a, 0x99, 0x3f, 0x01, 
    0x56, 0x7d, 0x82, 0x7c, 0x0c, 0xc6, 0x80, 0xb1, 0xf6, 0xc5, 0x9a, 0x91, 0x3f, 0x96, 0x37, 0x9c, 
    0xa3, 0x3f, 0x39, 0xbe, 0x85, 0x70, 0xcd, 0x02, 0x6a, 0x2b, 0xf7, 0x43, 0x3d, 0x2a, 0x8e, 0xc5, 
    0x3d, 0x58, 0x05, 0x89, 0x46, 0x0a, 0x28, 0xa9, 0xce, 0xf8, 0x4a, 0x18, 0x12, 0x81, 0x0e, 0x3b, 
    0xb7, 0x5f, 0xfe, 0xc1, 0x1e, 0x82, 0x79, 0xec, 0x77, 0x58, 0xec, 0x33, 0xa4, 0xc2, 0xfb, 0x52, 
    0x6a, 0xa4, 0x80, 0x97, 0x01, 0x97, 0x0c, 0x26, 0xe3, 0x7e, 0x9d, 0x1c, 0xf2, 0x1a, 0xfd, 0xff, 
    0x5f, 0x29, 0x12, 0x9e, 0xb3, 0x40, 0xec, 0xc3, 0x15, 0xbe, 0xe7, 0xb8, 0xf0, 0xc0, 0x08, 0xf8, 
    0xe1, 0xe1, 0x0c, 0x5f, 0x78, 0x3a, 0xeb, 0x23, 0xc1, 0x3d, 0xfa, 0x52, 0x00, 0x3e, 0x57, 0xb5, 
    0x0f, 0x8e, 0x4d, 0xe7, 0x68, 0xac, 0x80, 0x33, 0x67, 0xcf, 0x04, 0x50, 0x49, 0x5e, 0xb1, 0x75, 
    0xf0, 0xa9, 0x2c, 0xff, 0xef, 0x6f, 0xf2, 0x7c, 0x3a, 0x97, 0xe6, 0x96, 0x69, 0x12, 0x9e, 0x41, 
    0x0e, 0x8e, 0xa6, 0xa8, 0x9d, 0x84, 0x01, 0x5a, 0xe7, 0xd9, 0x56, 0x1e, 0x87, 0x8e, 0x49, 0x6d, 
    0x71, 0x0e, 0xdb, 0x76, 0xd3, 0x34, 0x5f, 0x01, 0xdd, 0x73, 0x73, 0x73, 0x06, 0x6a, 0xa3, 0x1e, 
    0x0e, 0x02, 0x99, 0x4c, 0x86, 0xc2, 0x77, 0xfb, 0x08, 0x90, 0x12, 0x7c, 0x05, 0xfc, 0xf2, 0x64, 
    0x4e, 0x06, 0x27, 0x38, 0xa0, 0x75, 0xde, 0x02, 0x54, 0xf8, 0x0a, 0x7e, 0x02, 0x80, 0xb1, 0xb6, 
    0xb6, 0x66, 0xd4, 0x63, 0x06, 0xdc, 0x59, 0x80, 0x92, 0xe0, 0x37, 0xfa, 0x0c, 0xa8, 0x1a, 0xf8, 
    0xcc, 0x02, 0x19, 0xbe, 0x1a, 0x01, 0x0f, 0xd2, 0x0c, 0x50, 0xc1, 0x16, 0xbe, 0x35, 0xec, 0x35, 
    0xfa, 0x0a, 0xff, 0x59, 0x40, 0xfb, 0xda, 0xda, 0x35, 0x5a, 0xc0, 0x53, 0x60, 0x11, 0xbc, 0xa4, 
    0xf1, 0x01, 0xe0, 0x92, 0x53, 0x07, 0x86, 0xf9, 0x87, 0xbf, 0x9a, 0xb6, 0xf1, 0xde, 0xc5, 0x49, 
    0x7e, 0x62, 0xef, 0x20, 0x1f, 0x48, 0x5a, 0x15, 0x3e, 0xbc, 0x34, 0xcd, 0xdf, 0xbf, 0x38, 0x45, 
    0x35, 0x03, 0xae, 0xf6, 0xb2, 0x1d, 0xf6, 0xa1, 0x7d, 0xa9, 0x2d, 0xc1, 0xc4, 0x3e, 0x38, 0x87, 
    0x10, 0xaa, 0xf8, 0x40, 0xf6, 0x27, 0x10, 0x08, 0x50, 0xbd, 0x74, 0xcf, 0x6e, 0xa9, 0xb5, 0xbb, 
    0xac, 0x25, 0xc0, 0xfd, 0x51, 0x02, 0xde, 0xff, 0xc5, 0x14, 0xc1, 0x04, 0x14, 0x62, 0x5d, 0xc2, 
    0xab, 0xcf, 0xe6, 0xd6, 0xc3, 0x48, 0x64, 0x3b, 0x09, 0xda, 0x50, 0x5b, 0x26, 0xf6, 0x13, 0x6d, 
    0x15, 0x42, 0x40, 0x35, 0x2c, 0xdd, 0x2b, 0x01, 0x8b, 0x80, 0x57, 0x2b, 0xe0, 0xbd, 0x0b, 0x93, 
    0x76, 0x2e, 0x3a, 0x50, 0xdb, 0x18, 0xa8, 0xa5, 0x3d, 0x51, 0x8b, 0x00, 0x62, 0x11, 0x18, 0x82, 
    0x9a, 0x8a, 0x41, 0x14, 0x0a, 0x85, 0x20, 0xea, 0x1b, 0xf7, 0x45, 0x00, 0xa8, 0x83, 0x80, 0x1b, 
    0x94, 0xa1, 0x26, 0x01, 0xf4, 0x55, 0x42, 0xe0, 0x7b, 0x35, 0x68, 0x9a, 0x66, 0xc4, 0x79, 0xd0, 
    0xd2, 0x93, 0x83, 0x36, 0xbe, 0xbb, 0x7f, 0x60, 0x9d, 0x57, 0xbf, 0x33, 0xc6, 0xdf, 0xfe, 0xf9, 
    0x21, 0x3b, 0x2f, 0x39, 0x39, 0x58, 0xe1, 0x9d, 0x97, 0x0f, 0x11, 0xec, 0x1d, 0xb4, 0x11, 0x30, 
    0x50, 0x59, 0x07, 0x38, 0x41, 0xed, 0x56, 0xb0, 0x4e, 0x07, 0xe7, 0xb0, 0x9d, 0xb3, 0xb4, 0x6f, 
    0x50, 0xc7, 0x25, 0xc1, 0x6a, 0xb3, 0xc2, 0xa5, 0xf9, 0x52, 0xa0, 0x26, 0x01, 0x08, 0x1e, 0x84, 
    0x80, 0x08, 0xea, 0x98, 0x7a, 0xd8, 0x51, 0xdf, 0xcb, 0x6f, 0xbc, 0xb0, 0x77, 0x9d, 0xb7, 0xce, 
    0xed, 0xb7, 0x41, 0xa1, 0xff, 0xf5, 0xe2, 0x41, 0x59, 0xfb, 0x09, 0x50, 0xa0, 0x0d, 0x60, 0xa2, 
    0x76, 0x6e, 0x67, 0x2b, 0x58, 0xa7, 0xe1, 0x3a, 0xdf, 0x1b, 0xa7, 0xf7, 0x12, 0x0c, 0x78, 0xdd, 
    0x77, 0xac, 0x42, 0x40, 0x14, 0x02, 0xc2, 0x55, 0x0b, 0x40, 0x68, 0x39, 0xfa, 0x54, 0x2c, 0xac, 
    0x3a, 0xe7, 0x14, 0x00, 0x7c, 0x05, 0x20, 0xb4, 0x9d, 0xb3, 0x76, 0x56, 0xce, 0x7e, 0x53, 0xc2, 
    0x00, 0xbf, 0x13, 0x55, 0x0a, 0xf0, 0xbb, 0xf3, 0x3c, 0x07, 0x01, 0x16, 0x30, 0xc5, 0x2c, 0xa8, 
    0x59, 0x40, 0x02, 0xf4, 0x63, 0xf5, 0xb2, 0x53, 0x00, 0x90, 0x02, 0x18, 0xe0, 0x02, 0xf6, 0x26, 
    0x3a, 0x2d, 0xc3, 0xe3, 0xb3, 0xb7, 0x80, 0xbb, 0xc7, 0x29, 0x40, 0x85, 0x77, 0x0b, 0xf8, 0x0f, 
    0xf5, 0x1d, 0xe1, 0x13, 0x20, 0x0a, 0xaa, 0x9f, 0x05, 0xf9, 0x7c, 0x9e, 0x04, 0xb4, 0x81, 0xee, 
    0xa8, 0x19, 0xed, 0x0a, 0x87, 0xc2, 0xbb, 0xb0, 0xfa, 0x2d, 0xc0, 0x75, 0x92, 0x96, 0xc9, 0x5f, 
    0xff, 0xc9, 0x84, 0x0e, 0x7b, 0xf3, 0x85, 0x09, 0xae, 0xf3, 0x8f, 0xd3, 0x7b, 0x6c, 0xfc, 0xf3, 
    0x67, 0xfb, 0x6e, 0x87, 0xbe, 0x2f, 0x13, 0x70, 0x9d, 0xbf, 0x3d, 0x6f, 0x27, 0x69, 0xa9, 0xd0, 
    0x1a, 0xff, 0x06, 0x39, 0xd0, 0x8d, 0x14, 0x5d, 0x20, 0x06, 0x6a, 0xba, 0x0c, 0x82, 0x60, 0x13, 
    0xe8, 0x24, 0x01, 0x58, 0xb5, 0xcb, 0x4f, 0x82, 0x69, 0xb6, 0x54, 0x82, 0x4b, 0x09, 0x1e, 0x02, 
    0x98, 0x43, 0x00, 0x03, 0xaa, 0x56, 0x30, 0x21, 0x40, 0x21, 0x04, 0xbc, 0x78, 0x7c, 0x9b, 0x53, 
    0x00, 0x03, 0x38, 0xb7, 0x7f, 0x78, 0xbc, 0xa9, 0xd2, 0x05, 0x98, 0xc5, 0xf9, 0x62, 0xe0, 0x6e, 
    0x04, 0x74, 0x68, 0x02, 0xa4, 0x84, 0x6b, 0x4e, 0x01, 0x84, 0x53, 0x80, 0xd5, 0x66, 0xf2, 0x43, 
    0xa3, 0x49, 0x19, 0x5c, 0xf1, 0x53, 0x17, 0x4c, 0x5f, 0x76, 0x0a, 0x98, 0x7a, 0x2c, 0x49, 0xa3, 
    0x2c, 0x97, 0x2b, 0xc1, 0x45, 0x78, 0x2f, 0x01, 0xd7, 0x28, 0xb8, 0x24, 0x1a, 0x8d, 0x92, 0x80, 
    0x76, 0x60, 0x82, 0xea, 0x05, 0x94, 0xcb, 0xe5, 0x20, 0x2e, 0x83, 0x08, 0xed, 0x86, 0x6b, 0x87, 
    0x04, 0xc8, 0xcb, 0x60, 0x97, 0x19, 0x0e, 0x4c, 0x28, 0x09, 0x14, 0x5e, 0xa1, 0x0b, 0x40, 0x78, 
    0x92, 0x80, 0xce, 0xb7, 0x78, 0x0a, 0x40, 0x5b, 0x59, 0x33, 0xe0, 0x12, 0x78, 0xe1, 0xc4, 0x76, 
    0x9e, 0x49, 0x5a, 0x95, 0xf0, 0x90, 0x20, 0xd6, 0xab, 0xf0, 0x12, 0x3d, 0x3c, 0xfa, 0xb6, 0x5b, 
    0x1f, 0x7d, 0x12, 0x20, 0xa7, 0x7f, 0xcd, 0x77, 0x80, 0x85, 0x39, 0xdc, 0x40, 0x84, 0x5a, 0x5a, 
    0x21, 0x20, 0x0e, 0x7a, 0x41, 0x3f, 0xd8, 0x8e, 0xcd, 0x13, 0x82, 0x15, 0xc0, 0x75, 0xf2, 0xb9, 
    0x14, 0xff, 0xeb, 0xe2, 0x18, 0xc1, 0x7e, 0xfc, 0xf4, 0xa0, 0xed, 0x8f, 0x52, 0x61, 0x77, 0x8a, 
    0x5f, 0x7b, 0x3e, 0xc7, 0xaf, 0x3d, 0x67, 0xe7, 0xf5, 0x1f, 0x4d, 0xd8, 0x28, 0x7f, 0x6f, 0x8c, 
    0x2f, 0x1c, 0x48, 0xab, 0x19, 0x16, 0x6a, 0xe1, 0xcf, 0x4d, 0xa6, 0xe5, 0x71, 0x21, 0xa3, 0xc7, 
    0x6b, 0xda, 0xaf, 0x20, 0x74, 0xa5, 0x5f, 0x56, 0x97, 0x95, 0x05, 0xfd, 0xa0, 0x17, 0xc4, 0xb1, 
    0xae, 0x15, 0x04, 0x6f, 0xdd, 0xba, 0x65, 0xd4, 0x24, 0x01, 0xe1, 0x0d, 0x10, 0x42, 0x68, 0x5d, 
    0xc2, 0x10, 0x9d, 0x48, 0x20, 0x24, 0xb8, 0x05, 0x48, 0x94, 0x00, 0x05, 0x42, 0x33, 0x3f, 0x01, 
    0xa7, 0x8f, 0x0e, 0xf3, 0xf1, 0x01, 0x4b, 0xb4, 0x55, 0x02, 0x70, 0x2c, 0x1f, 0x01, 0x2a, 0xbc, 
    0x12, 0xa0, 0xc2, 0x83, 0xd6, 0xe9, 0xe9, 0xe9, 0x90, 0x08, 0x0f, 0x6a, 0x9c, 0x05, 0x04, 0x09, 
    0xd0, 0x25, 0x60, 0x53, 0x52, 0x9e, 0x10, 0x4f, 0x5f, 0xe5, 0xdb, 0x09, 0xd8, 0x9f, 0xe9, 0x76, 
    0x8f, 0x56, 0x48, 0xcc, 0x06, 0x21, 0x40, 0x0f, 0x6f, 0x9a, 0xb2, 0x9d, 0x62, 0xcf, 0x56, 0xeb, 
    0x4e, 0x02, 0xce, 0x68, 0x02, 0x7a, 0xf5, 0xf0, 0xf3, 0xa5, 0xf9, 0xd6, 0xe5, 0xe5, 0xe5, 0x40, 
    0x8d, 0xe1, 0xdd, 0x77, 0x86, 0xf3, 0xc5, 0xf9, 0x75, 0x09, 0xb8, 0xee, 0x92, 0x44, 0x35, 0x02, 
    0x40, 0xd5, 0x02, 0xf6, 0x6d, 0x4f, 0x78, 0x09, 0x70, 0x1d, 0x6f, 0xb8, 0x37, 0xe6, 0x6c, 0x53, 
    0xa4, 0xbe, 0xa0, 0x4f, 0xbd, 0x84, 0x0c, 0x4f, 0x88, 0x37, 0x44, 0xe0, 0xab, 0x17, 0x7a, 0xaf, 
    0x1f, 0x44, 0xbd, 0x29, 0xde, 0x1e, 0xef, 0x12, 0x0c, 0x91, 0x7d, 0xdb, 0x68, 0x6d, 0xb3, 0xf8, 
    0xd5, 0xef, 0x8f, 0xd8, 0x38, 0x32, 0xda, 0xe3, 0x9a, 0xd2, 0x85, 0x5c, 0x0f, 0xff, 0xcb, 0x42, 
    0x96, 0x01, 0x2e, 0xc1, 0x3a, 0x6c, 0xb3, 0x87, 0x9f, 0x7e, 0xb4, 0x87, 0x5d, 0x5d, 0x18, 0xe1, 
    0x3a, 0x89, 0xf6, 0xb0, 0xf3, 0x85, 0xc8, 0x2c, 0x18, 0x02, 0x7d, 0xa0, 0x1d, 0xeb, 0x4c, 0xf4, 
    0x35, 0x84, 0x3a, 0x00, 0x54, 0xb9, 0x57, 0x12, 0x52, 0x0f, 0xa5, 0x82, 0x24, 0x40, 0xbc, 0xb6, 
    0x3e, 0x01, 0xb8, 0x64, 0x4b, 0x97, 0xe9, 0x12, 0xf0, 0xc7, 0x93, 0x59, 0x92, 0xe0, 0x25, 0x00, 
    0xf8, 0x0b, 0x40, 0x78, 0xbe, 0xfc, 0x6c, 0x96, 0x3b, 0x04, 0xb8, 0x66, 0x88, 0x1e, 0x3e, 0x9d, 
    0x4e, 0x93, 0x80, 0x90, 0xf8, 0x41, 0xe5, 0x9e, 0x17, 0x83, 0xc8, 0x64, 0x33, 0x41, 0xd4, 0x5d, 
    0x42, 0x42, 0x0e, 0x70, 0x9d, 0x4b, 0xc5, 0xed, 0xcc, 0x29, 0x00, 0x30, 0x48, 0xa8, 0x4e, 0x80, 
    0x0a, 0xaf, 0x0b, 0x60, 0x80, 0x2f, 0x4e, 0xba, 0x9e, 0xf6, 0xfe, 0x27, 0x05, 0x50, 0xf8, 0x89, 
    0xc7, 0x27, 0x82, 0x62, 0xe4, 0xef, 0x6b, 0x09, 0x12, 0xda, 0x65, 0xf0, 0x19, 0xe0, 0x92, 0x33, 
    0x47, 0x32, 0xdc, 0x25, 0x40, 0xc1, 0x10, 0x94, 0xf9, 0x08, 0x00, 0x22, 0xb8, 0xc2, 0x76, 0x09, 
    0x4c, 0x64, 0x93, 0x4e, 0x01, 0x7f, 0xd7, 0x47, 0x3f, 0x3f, 0x83, 0xcb, 0xf4, 0x7e, 0x97, 0xd9, 
    0xe3, 0xb3, 0x61, 0x9c, 0x90, 0xe8, 0x04, 0xfd, 0xf8, 0x43, 0x78, 0x55, 0xef, 0xd4, 0x58, 0x7f, 
    0x9c, 0x5f, 0x9e, 0xcf, 0xac, 0x53, 0x3e, 0x59, 0x15, 0xcc, 0x67, 0x59, 0x3f, 0x96, 0x9c, 0x21, 
    0x3a, 0x25, 0xab, 0xcb, 0x4a, 0x81, 0x0e, 0x60, 0x96, 0x4e, 0x95, 0x8c, 0xfb, 0x2e, 0x00, 0xa1, 
    0x8d, 0x91, 0x9d, 0x23, 0xeb, 0x02, 0xb0, 0xea, 0x94, 0xeb, 0xcd, 0xd0, 0xde, 0x94, 0xaf, 0x80, 
    0x3f, 0x94, 0x86, 0x9d, 0x30, 0x01, 0x07, 0x4a, 0x84, 0x43, 0x40, 0x6e, 0x20, 0xee, 0x14, 0xb0, 
    0x8a, 0xf3, 0xa7, 0x85, 0x80, 0x36, 0x10, 0x02, 0x75, 0xf9, 0x5d, 0x40, 0x0a, 0x88, 0x83, 0x3e, 
    0x40, 0x6f, 0x60, 0xdf, 0x06, 0xdc, 0x7b, 0x26, 0x0c, 0xdb, 0xf8, 0xed, 0xb7, 0x07, 0x09, 0x11, 
    0x5e, 0x2c, 0x2b, 0x9c, 0xed, 0x99, 0x1e, 0x5e, 0x17, 0x80, 0x99, 0xb7, 0x2c, 0x04, 0x6c, 0x96, 
    0x02, 0x38, 0xe7, 0x75, 0x9d, 0x01, 0x71, 0xd0, 0x23, 0x04, 0xf8, 0xfe, 0xee, 0x7f, 0xbe, 0x30, 
    0x60, 0x0b, 0x24, 0x82, 0xca, 0x5a, 0xc2, 0xbc, 0x04, 0x60, 0x5f, 0x0a, 0xad, 0xa1, 0x46, 0x1f, 
    0xdf, 0xfd, 0x69, 0xd4, 0x24, 0x20, 0x01, 0xda, 0x30, 0xfd, 0xeb, 0x23, 0x80, 0x4a, 0xfe, 0x78, 
    0x3e, 0x2c, 0x9e, 0xb0, 0x12, 0x58, 0xdc, 0x29, 0x98, 0x06, 0x9f, 0x7b, 0xdd, 0xf8, 0x9c, 0x9f, 
    0x19, 0x90, 0xb0, 0xcb, 0xcf, 0x40, 0x88, 0x37, 0x0c, 0xf0, 0x5f, 0x17, 0x14, 0x22, 0xb0, 0x93, 
    0xcf, 0x11, 0xfe, 0x28, 0xd8, 0x81, 0xcf, 0x71, 0xf4, 0xc1, 0x02, 0x11, 0xf1, 0xb8, 0x5b, 0x9f, 
    0x52, 0xfe, 0x73, 0x39, 0x40, 0x4f, 0x58, 0xc0, 0xc2, 0x13, 0x57, 0x07, 0x3a, 0xb3, 0x13, 0x48, 
    0x09, 0x9f, 0x38, 0x05, 0xe8, 0x12, 0x96, 0xe6, 0xb6, 0xdc, 0x0e, 0x3d, 0xbc, 0x97, 0x80, 0x4f, 
    0x64, 0x78, 0x4d, 0x40, 0x0c, 0xd0, 0xe8, 0x43, 0x40, 0x1d, 0x8b, 0x10, 0x10, 0xb5, 0x2c, 0xab, 
    0x03, 0x12, 0xa4, 0x00, 0xaa, 0x73, 0xa8, 0x5f, 0x53, 0x02, 0xec, 0x12, 0x2e, 0x1d, 0x4f, 0xe9, 
    0x30, 0x84, 0xd6, 0x97, 0x65, 0x78, 0xb7, 0x00, 0xa3, 0x72, 0xcc, 0x19, 0x50, 0x09, 0x8f, 0x73, 
    0xee, 0xc0, 0xb9, 0x49, 0xc0, 0xa6, 0x46, 0x09, 0x08, 0x00, 0x13, 0x1f, 0x3b, 0xf4, 0x59, 0x00, 
    0x72, 0x04, 0xfe, 0x48, 0xbd, 0xe6, 0x14, 0x90, 0x7d, 0x28, 0x86, 0x80, 0x49, 0x0a, 0xea, 0xcb, 
    0x78, 0x7f, 0xcc, 0x25, 0x40, 0x08, 0xdd, 0x45, 0x88, 0x91, 0x27, 0x01, 0x71, 0x21, 0x20, 0x02, 
    0x02, 0x75, 0x17, 0x40, 0x4f, 0x59, 0xf4, 0xa8, 0x89, 0x1b, 0x90, 0x18, 0x16, 0x2d, 0xd0, 0x07, 
    0xe8, 0x71, 0xf9, 0x1b, 0x12, 0x48, 0xb8, 0x42, 0x01, 0x74, 0x4e, 0x3c, 0x66, 0xf1, 0xf3, 0x47, 
    0x92, 0x9e, 0x14, 0xc7, 0x2d, 0xe6, 0x6c, 0x0f, 0xae, 0xe8, 0xc7, 0xa4, 0x3f, 0xba, 0xa0, 0x0f, 
    0x58, 0x20, 0x52, 0x38, 0x56, 0x08, 0xf1, 0x2f, 0x1a, 0xf0, 0x1f, 0xa5, 0xc4, 0x33, 0x76, 0x60, 
    0x6c, 0x74, 0x2c, 0x82, 0x3a, 0x66, 0xa1, 0xa0, 0x90, 0x84, 0x41, 0x82, 0x3a, 0x8b, 0x9a, 0x78, 
    0x57, 0x0f, 0x94, 0xed, 0x35, 0xfd, 0x04, 0x78, 0x5f, 0xf3, 0x2a, 0xfc, 0x20, 0x02, 0x13, 0x32, 
    0x7c, 0x6c, 0x6a, 0x7a, 0x8a, 0xce, 0x6d, 0x08, 0x01, 0x0d, 0x2b, 0x06, 0x49, 0xa0, 0x99, 0x40, 
    0x06, 0xb0, 0x4c, 0x9d, 0x24, 0x01, 0x52, 0xc2, 0x4c, 0x35, 0xb3, 0x00, 0xa3, 0xef, 0x12, 0x80, 
    0x19, 0x34, 0x23, 0x8e, 0x21, 0xc3, 0x03, 0x15, 0x1e, 0x35, 0x82, 0x37, 0xbe, 0x18, 0x82, 0x88, 
    0xa0, 0x03, 0x1d, 0x23, 0xa4, 0x84, 0x71, 0x35, 0x0b, 0x7c, 0x05, 0x30, 0x0f, 0x01, 0xef, 0xd2, 
    0xbe, 0x72, 0xe4, 0xe9, 0xb8, 0x84, 0x0c, 0xbf, 0xf4, 0xbb, 0x25, 0xe3, 0xa3, 0xd5, 0x8f, 0x1a, 
    0x2c, 0xc0, 0xfd, 0xb8, 0x1c, 0x1e, 0xd9, 0x31, 0xb2, 0x89, 0x1e, 0x4e, 0x40, 0x12, 0x3c, 0x8c, 
    0x00, 0x8f, 0x63, 0xdb, 0x9f, 0x00, 0xaf, 0x05, 0x7a, 0xd9, 0x52, 0x79, 0xd1, 0x11, 0x32, 0x1f, 
    0x06, 0x49, 0xd0, 0x01, 0xa2, 0xea, 0x9a, 0x7f, 0x00, 0x0b, 0x3d, 0x87, 0xcf, 0x1e, 0x9b, 0x0d, 
    0xe9, 0x12, 0xb0, 0x7a, 0x33, 0x78, 0xe6, 0x2e, 0x04, 0x14, 0x51, 0x27, 0xf5, 0xf0, 0x20, 0x4c, 
    0xe1, 0x89, 0x96, 0x07, 0xb9, 0x90, 0x04, 0xf1, 0xbb, 0x42, 0x02, 0x5f, 0x57, 0x24, 0x40, 0xcc, 
    0x82, 0x1a, 0x47, 0xdf, 0xac, 0x84, 0x4f, 0xc8, 0xf0, 0x00, 0xc1, 0x9b, 0xa4, 0x60, 0x16, 0x90, 
    0x84, 0x76, 0x21, 0x60, 0xb3, 0x76, 0x29, 0xdc, 0xf4, 0x0b, 0x2e, 0xb6, 0xa9, 0xf0, 0x80, 0x46, 
    0x3f, 0x7f, 0x34, 0x1f, 0x2e, 0xff, 0xbe, 0x6c, 0xdc, 0xfc, 0xf4, 0x66, 0x33, 0x08, 0x50, 0x5f, 
    0x91, 0x20, 0x0a, 0x3a, 0x11, 0x24, 0x4d, 0x4e, 0x50, 0xd3, 0x8d, 0xcc, 0x13, 0xe0, 0x49, 0x8d, 
    0x7d, 0x1a, 0xbb, 0xc5, 0x0d, 0xcf, 0x48, 0x3c, 0x1e, 0x4f, 0x83, 0x04, 0x3e, 0xd3, 0x75, 0x1f, 
    0x90, 0xd3, 0xbe, 0x69, 0x04, 0x88, 0xd7, 0xd1, 0x61, 0xcb, 0xb2, 0x62, 0xe2, 0x8d, 0xed, 0x56, 
    0x0a, 0x26, 0xee, 0x14, 0x9f, 0x90, 0x88, 0xd0, 0xbb, 0x51, 0x13, 0x39, 0x6a, 0x03, 0xb6, 0x22, 
    0x7c, 0x1f, 0x68, 0x13, 0x3f, 0x6c, 0x28, 0x01, 0xcd, 0x24, 0x81, 0xee, 0x14, 0x93, 0xc9, 0x64, 
    0x0c, 0x12, 0x3a, 0xa5, 0x04, 0x84, 0xcc, 0x80, 0x47, 0x75, 0xd0, 0x9c, 0xa0, 0xcf, 0x3b, 0x10, 
    0x5a, 0x86, 0x4f, 0xa4, 0xfa, 0x52, 0xae, 0x3b, 0xbd, 0xa6, 0x9c, 0x05, 0xba, 0x04, 0x2c, 0xa7, 
    0x01, 0xdd, 0xce, 0x66, 0x04, 0x43, 0x58, 0x96, 0x0c, 0x80, 0x4a, 0x78, 0xd4, 0x6d, 0x99, 0x6d, 
    0x99, 0x88, 0xb8, 0x94, 0x9a, 0xb3, 0x70, 0xce, 0x0d, 0x04, 0x0f, 0x80, 0x08, 0x88, 0x02, 0xfa, 
    0x3a, 0xeb, 0x04, 0x3d, 0xa0, 0x8f, 0xc0, 0xba, 0x5e, 0x41, 0x37, 0x76, 0x21, 0x2c, 0x10, 0xc3, 
    0xec, 0x89, 0x00, 0xf5, 0xab, 0x4e, 0x13, 0x4b, 0x08, 0x94, 0x4a, 0xa5, 0x10, 0x02, 0x12, 0x11, 
    0x84, 0x36, 0x41, 0x4c, 0x82, 0x75, 0xed, 0x68, 0xd6, 0x4e, 0x82, 0x50, 0x13, 0x14, 0x3c, 0x44, 
    0xb3, 0x07, 0xb3, 0x48, 0x8d, 0x7e, 0xb3, 0x4b, 0x20, 0x68, 0x36, 0x14, 0xe7, 0x8a, 0x21, 0x53, 
    0xfb, 0x87, 0xe7, 0x88, 0x56, 0x10, 0x24, 0xd0, 0x34, 0x28, 0x46, 0xdd, 0x2f, 0x7c, 0xf3, 0x17, 
    0x84, 0x36, 0x20, 0xc3, 0xa0, 0x9a, 0x50, 0xbf, 0x35, 0xa8, 0x52, 0xcf, 0xeb, 0xfe, 0x4b, 0x91, 
    0x8f, 0x3c, 0x20, 0x5e, 0x82, 0x3b, 0x4b, 0x00, 0x00, 0x00, 0x00, 0x49, 0x45, 0x4e, 0x44, 0xae, 
    0x42, 0x60, 0x82
};

// Source: https://raw.communitydragon.org/latest/game/assets/ux/minimap/icons/dragon_elder.png
constexpr std::uint8_t awareness_elder_dragon[] = {
    0x89, 0x50, 0x4e, 0x47, 0x0d, 0x0a, 0x1a, 0x0a, 0x00, 0x00, 0x00, 0x0d, 0x49, 0x48, 0x44, 0x52, 
    0x00, 0x00, 0x00, 0x40, 0x00, 0x00, 0x00, 0x40, 0x08, 0x06, 0x00, 0x00, 0x00, 0xaa, 0x69, 0x71, 
    0xde, 0x00, 0x00, 0x0a, 0xf0, 0x49, 0x44, 0x41, 0x54, 0x78, 0xda, 0xed, 0x9b, 0x6f, 0x6c, 0x13, 
    0xe7, 0x1d, 0xc7, 0xb1, 0x63, 0xbb, 0x5e, 0x30, 0xe0, 0x8e, 0x16, 0x39, 0xa4, 0x5d, 0x81, 0x00, 
    0x85, 0xe2, 0x85, 0x98, 0x44, 0x49, 0x5d, 0x31, 0xfe, 0xe4, 0x4f, 0xbb, 0x1c, 0x09, 0xee, 0x0c, 
    0x4e, 0x32, 0xab, 0x50, 0x91, 0x28, 0x12, 0x30, 0xb5, 0x82, 0x65, 0x74, 0x29, 0x19, 0x19, 0xea, 
    0x02, 0x2d, 0x5b, 0xc6, 0xd4, 0xcd, 0xa2, 0x6b, 0xb0, 0x40, 0x62, 0x18, 0x34, 0xc6, 0xbf, 0xa1, 
    0x65, 0x54, 0xb4, 0xd9, 0x8b, 0xa1, 0xa6, 0x54, 0xac, 0x68, 0x12, 0x2a, 0xaa, 0xd4, 0x2e, 0x1a, 
    0xa8, 0x6d, 0x5e, 0xe6, 0xc5, 0x5e, 0xe4, 0xc5, 0x5e, 0x5c, 0xbf, 0x5f, 0xeb, 0x1e, 0xeb, 0xee, 
    0xf1, 0x9d, 0x9d, 0x90, 0x5c, 0x70, 0x25, 0x2e, 0xfa, 0xe8, 0xce, 0x77, 0xcf, 0x3d, 0xcf, 0xef, 
    0xf7, 0x79, 0x9e, 0x3b, 0x3f, 0xf6, 0x39, 0xb3, 0x1e, 0x2e, 0x05, 0xb4, 0xa8, 0xaa, 0xea, 0xf8, 
    0x56, 0x07, 0x4f, 0x62, 0xad, 0x31, 0xf7, 0x2c, 0xd7, 0x2c, 0x52, 0x4c, 0xbc, 0x2e, 0xef, 0x6c, 
    0x52, 0x1e, 0x2c, 0x27, 0x6e, 0x14, 0x75, 0x8f, 0x8d, 0x8d, 0xc9, 0x89, 0x3a, 0x48, 0x2c, 0x16, 
    0x2b, 0x42, 0x59, 0x37, 0xcb, 0x6b, 0xf8, 0xb1, 0xff, 0x3b, 0x1a, 0xae, 0xc8, 0xe6, 0x88, 0x8b, 
    0xe5, 0x0a, 0xb9, 0xf7, 0x8a, 0xb4, 0xc4, 0xe7, 0x81, 0x12, 0x50, 0x86, 0x24, 0x9e, 0xd6, 0x28, 
    0x05, 0x0b, 0x50, 0xc6, 0x17, 0x89, 0x44, 0x3c, 0x27, 0x4f, 0x9e, 0x74, 0x50, 0x84, 0xee, 0x5c, 
    0x17, 0x98, 0xcd, 0x32, 0x2c, 0x2b, 0xce, 0xc3, 0xbe, 0x25, 0xe0, 0x49, 0x30, 0x9f, 0x22, 0x28, 
    0xa9, 0x50, 0x47, 0x0a, 0x53, 0xf0, 0x15, 0xcf, 0x29, 0x9e, 0xef, 0xf6, 0xb8, 0xab, 0x34, 0x5a, 
    0x9c, 0x4e, 0x67, 0x13, 0x71, 0xbb, 0xdd, 0x64, 0x35, 0x4a, 0x95, 0x05, 0x4a, 0x02, 0x45, 0xa1, 
    0xca, 0x50, 0x91, 0xd2, 0xac, 0x14, 0xb5, 0x6d, 0x6d, 0x2b, 0x0a, 0x06, 0x83, 0x14, 0x47, 0xca, 
    0x50, 0xa6, 0x1c, 0x65, 0x36, 0x11, 0x9c, 0xb7, 0x09, 0xaf, 0x5b, 0x41, 0x35, 0x5e, 0x57, 0x17, 
    0x17, 0x17, 0x3f, 0xee, 0xf5, 0x7a, 0x3d, 0xa4, 0x10, 0x93, 0xf7, 0x80, 0xef, 0x32, 0x71, 0xbc, 
    0x22, 0xef, 0x82, 0xff, 0x00, 0x15, 0xdc, 0x05, 0xd7, 0x91, 0xd0, 0x6e, 0xac, 0xeb, 0x28, 0x01, 
    0x14, 0x41, 0x04, 0x93, 0x16, 0x94, 0x01, 0x1e, 0xdb, 0x05, 0x52, 0x40, 0x25, 0x5a, 0x1d, 0x03, 
    0x94, 0x40, 0x90, 0xfc, 0xfc, 0x42, 0x15, 0xe0, 0x03, 0xdf, 0x83, 0x00, 0x91, 0xbc, 0x2a, 0x21, 
    0x44, 0x74, 0x08, 0x09, 0x10, 0xc0, 0xa4, 0x05, 0x75, 0xa0, 0x83, 0x65, 0x2c, 0xce, 0x1d, 0xd0, 
    0x04, 0x2c, 0x02, 0xbe, 0x82, 0x92, 0xa0, 0x6c, 0x56, 0xd2, 0xbd, 0x0f, 0x56, 0x71, 0xd8, 0x8b, 
    0x9e, 0xb7, 0xe0, 0x4b, 0x9d, 0x04, 0x43, 0xf2, 0xe0, 0x2b, 0x96, 0xb1, 0x82, 0x97, 0x03, 0x12, 
    0xff, 0x3e, 0x98, 0xdf, 0xda, 0xda, 0x5a, 0x38, 0x02, 0x70, 0x3d, 0xfb, 0xb0, 0x0a, 0x70, 0x13, 
    0xbc, 0x09, 0xd4, 0x3c, 0x7c, 0x89, 0xcb, 0xe1, 0x65, 0x24, 0xd4, 0x40, 0xb8, 0xcd, 0x7d, 0xf9, 
    0xce, 0x43, 0xb9, 0x5f, 0x62, 0x5d, 0x09, 0x4a, 0x40, 0xe1, 0x2c, 0x18, 0xca, 0x42, 0xc0, 0x3a, 
    0xf0, 0x47, 0x7d, 0xd0, 0x2f, 0xd4, 0x45, 0x88, 0x59, 0x42, 0x1f, 0x83, 0x97, 0x99, 0xbc, 0xb6, 
    0xad, 0xe6, 0x39, 0x8f, 0x02, 0xfe, 0x84, 0xf5, 0x06, 0x4d, 0x80, 0xaf, 0xd0, 0x04, 0x2c, 0x03, 
    0x0a, 0xf8, 0xb3, 0x9c, 0xc8, 0x9d, 0x9b, 0x63, 0x56, 0x12, 0x12, 0x48, 0x2a, 0xc1, 0xed, 0x09, 
    0x9e, 0x33, 0x08, 0x9a, 0xc1, 0xf2, 0x42, 0x14, 0x10, 0x02, 0xad, 0xe0, 0x0b, 0x7d, 0xd0, 0x47, 
    0xdf, 0x3c, 0xc9, 0x64, 0x88, 0x99, 0x80, 0x4b, 0x44, 0xda, 0x27, 0xca, 0xf3, 0x5c, 0xb9, 0xfc, 
    0x0d, 0x10, 0x07, 0x95, 0xc0, 0xf7, 0xa0, 0x67, 0x8f, 0x6c, 0xdc, 0x89, 0xd5, 0x23, 0xb8, 0x29, 
    0x3d, 0x82, 0x6b, 0xf9, 0x19, 0xf4, 0xe6, 0x5e, 0xdc, 0xc8, 0xc6, 0x81, 0x2a, 0x48, 0x1d, 0x1f, 
    0x54, 0x47, 0x3f, 0x57, 0xd3, 0x2c, 0x7e, 0x62, 0xb1, 0x9c, 0xd0, 0x7f, 0xa5, 0x6b, 0x9f, 0x65, 
    0x44, 0x79, 0x9e, 0x2b, 0x97, 0x1f, 0x07, 0x7b, 0xc1, 0xaa, 0xd9, 0xc5, 0xb3, 0x57, 0x2d, 0x5e, 
    0xb4, 0xd8, 0x8b, 0x36, 0x9c, 0x0f, 0xf2, 0xad, 0xcf, 0xa5, 0x09, 0x78, 0x86, 0x43, 0x13, 0x02, 
    0xde, 0x63, 0xd2, 0x3a, 0x98, 0x88, 0x2c, 0xc0, 0x0a, 0x59, 0x00, 0x31, 0x2b, 0xf3, 0x1e, 0xd8, 
    0x4c, 0x09, 0x0b, 0x1e, 0x5f, 0x40, 0x01, 0xae, 0x07, 0x22, 0x81, 0x8d, 0x02, 0x0f, 0x05, 0x00, 
    0xf6, 0x3e, 0xae, 0x4d, 0x63, 0xf2, 0xf5, 0x0d, 0xca, 0x94, 0x05, 0xf4, 0xf5, 0x26, 0xb2, 0xca, 
    0x88, 0x51, 0x00, 0x28, 0xc0, 0x3b, 0x70, 0x7c, 0xc0, 0xf9, 0x20, 0x92, 0xe7, 0xdf, 0x3c, 0xf6, 
    0x3e, 0x93, 0x07, 0x09, 0x59, 0xc0, 0xad, 0x8f, 0x46, 0xa6, 0x2c, 0x60, 0xf8, 0x1f, 0x23, 0x39, 
    0x47, 0x01, 0x63, 0x68, 0x8e, 0x34, 0xbb, 0x46, 0x47, 0x47, 0x67, 0x46, 0x02, 0x1a, 0x72, 0xa0, 
    0x51, 0x32, 0x07, 0x2c, 0xc4, 0xae, 0x30, 0xaf, 0x7d, 0xac, 0xef, 0x01, 0x15, 0x42, 0xd2, 0x34, 
    0x35, 0xc6, 0xd2, 0x37, 0xb2, 0x91, 0xdb, 0xe3, 0x19, 0x02, 0x8f, 0x05, 0x28, 0x46, 0x8f, 0x9c, 
    0x18, 0xcb, 0xe8, 0xcf, 0x61, 0x1d, 0xac, 0x4b, 0xd4, 0x2b, 0xca, 0xdd, 0x43, 0x9b, 0x3f, 0xc5, 
    0x7d, 0xe7, 0x39, 0xc6, 0xc0, 0x58, 0xa2, 0x5b, 0xa2, 0xe9, 0xb8, 0x66, 0xa2, 0xf7, 0x1d, 0x30, 
    0x2e, 0x04, 0xf0, 0xd3, 0x5a, 0x0c, 0x0c, 0x03, 0x55, 0x27, 0x80, 0x81, 0xe7, 0x15, 0xd0, 0x77, 
    0x20, 0x81, 0x21, 0x7e, 0x34, 0x9f, 0x00, 0x22, 0x0b, 0x20, 0xc3, 0x90, 0xd0, 0xc2, 0x18, 0x84, 
    0x80, 0xf1, 0xff, 0x8d, 0xdb, 0x2f, 0x00, 0xd7, 0x5b, 0xa6, 0xf7, 0xc1, 0x06, 0xad, 0xf7, 0x55, 
    0x81, 0xe8, 0xfd, 0x89, 0x08, 0x18, 0xbe, 0x36, 0x82, 0x21, 0x7e, 0x27, 0x9f, 0x00, 0xfd, 0x28, 
    0x30, 0x94, 0xe5, 0x28, 0x60, 0x0c, 0x62, 0x14, 0x00, 0x0a, 0xb0, 0x4f, 0x42, 0x6f, 0x6f, 0xaf, 
    0x93, 0x8d, 0x68, 0x0d, 0x56, 0x82, 0xb8, 0xe8, 0x7d, 0x81, 0xe8, 0x7d, 0x59, 0x40, 0xf2, 0x0f, 
    0xe7, 0x0d, 0x02, 0x6a, 0x37, 0x28, 0x42, 0x00, 0x47, 0x81, 0x5e, 0x00, 0xcb, 0xca, 0x02, 0x88, 
    0x2c, 0x80, 0xdc, 0x63, 0x0c, 0x5a, 0x2c, 0x0b, 0x6d, 0x17, 0x10, 0x8f, 0xc7, 0x8b, 0xfc, 0x7e, 
    0xff, 0x3c, 0x6d, 0xd2, 0xb3, 0x45, 0x9e, 0xf6, 0x12, 0x0e, 0xeb, 0x5b, 0xd7, 0x47, 0xb3, 0xf0, 
    0xba, 0xbc, 0x44, 0x94, 0x43, 0xe2, 0xa3, 0x40, 0x77, 0x1c, 0xc9, 0x11, 0x51, 0xee, 0xce, 0x47, 
    0x63, 0xc4, 0x50, 0xc7, 0xdb, 0x47, 0x52, 0xb2, 0x00, 0xf2, 0x0e, 0xee, 0x05, 0x51, 0xac, 0x2b, 
    0x10, 0xdb, 0xdc, 0xc8, 0x96, 0x48, 0x91, 0x6d, 0x02, 0x38, 0xe1, 0xc1, 0x97, 0x12, 0xf3, 0xd0, 
    0xa0, 0x10, 0xa0, 0xea, 0xa9, 0x5d, 0xa7, 0x98, 0x26, 0xaf, 0xd4, 0x45, 0x0d, 0x02, 0x6a, 0xd7, 
    0x37, 0x67, 0x09, 0x50, 0x9e, 0x8f, 0x1a, 0x04, 0x34, 0x35, 0xc4, 0xb2, 0x04, 0x90, 0xb5, 0xcf, 
    0xd5, 0x9b, 0x49, 0xd8, 0x47, 0x01, 0x60, 0x2e, 0xdf, 0x9a, 0x6d, 0xeb, 0x7d, 0x04, 0x38, 0x97, 
    0xc9, 0x03, 0x26, 0x7f, 0x4d, 0x0a, 0x82, 0x43, 0x3a, 0x57, 0xef, 0x0b, 0x01, 0x18, 0xf2, 0x03, 
    0xf9, 0x04, 0x10, 0x53, 0x01, 0x83, 0x17, 0x6f, 0x99, 0x09, 0x60, 0x2c, 0x51, 0xc4, 0x55, 0xc1, 
    0x7b, 0x01, 0x47, 0x81, 0x2d, 0xbd, 0x0f, 0x16, 0x72, 0xf8, 0xd3, 0xb8, 0x49, 0xef, 0x9b, 0x0a, 
    0xe8, 0xff, 0x55, 0x72, 0x42, 0x02, 0xfa, 0xfb, 0x92, 0x59, 0x02, 0xde, 0x3e, 0x7c, 0xca, 0x54, 
    0x40, 0xf7, 0xcf, 0x8e, 0x98, 0x8e, 0x02, 0x4d, 0x40, 0xc0, 0x96, 0x51, 0x50, 0xfa, 0x54, 0xa9, 
    0x0f, 0x15, 0x2f, 0xc3, 0x9d, 0x37, 0x82, 0x97, 0xff, 0x12, 0x0d, 0x7b, 0x7d, 0xde, 0x34, 0x43, 
    0x57, 0x46, 0xd2, 0xdc, 0xf8, 0xe0, 0xae, 0x1e, 0x04, 0x7c, 0xc7, 0x70, 0xe7, 0x67, 0x62, 0x43, 
    0x7f, 0x1f, 0xc9, 0x30, 0xac, 0x03, 0xf5, 0x19, 0x04, 0x1c, 0xec, 0x3e, 0x26, 0xd7, 0x97, 0x29, 
    0xeb, 0xf7, 0xf9, 0x89, 0x5e, 0xc0, 0x15, 0xc4, 0xd6, 0xa4, 0x7d, 0x2a, 0xf5, 0xd9, 0x91, 0x7c, 
    0x09, 0x58, 0x83, 0x46, 0x76, 0x62, 0xd7, 0x57, 0x7a, 0x01, 0x07, 0xf7, 0x1f, 0x9b, 0xb0, 0x80, 
    0xfa, 0xf5, 0x11, 0x4b, 0x01, 0xb5, 0x6b, 0x15, 0xbd, 0x00, 0xd6, 0x67, 0x29, 0xa0, 0xa9, 0x7e, 
    0x2b, 0x05, 0xc8, 0x6f, 0x8b, 0x9d, 0xda, 0x08, 0x0d, 0x28, 0x9b, 0x14, 0xdf, 0x74, 0x7f, 0xdf, 
    0xb7, 0x0c, 0x6c, 0xe2, 0x54, 0x40, 0xd7, 0xa8, 0xa1, 0xf7, 0xc9, 0x3f, 0x07, 0x3f, 0x37, 0x40, 
    0x01, 0xa4, 0x7b, 0xdf, 0x51, 0xc2, 0xa4, 0xad, 0x04, 0x10, 0xf6, 0x3a, 0xb1, 0xaa, 0x4f, 0x5f, 
    0x56, 0x16, 0x40, 0xae, 0x00, 0x45, 0x8c, 0x82, 0xe9, 0x16, 0xb0, 0x06, 0xb4, 0x89, 0xde, 0x17, 
    0xa0, 0xf7, 0xf3, 0x09, 0xd0, 0x93, 0x4f, 0x80, 0xa8, 0x27, 0x9f, 0x00, 0x31, 0x0a, 0x64, 0x01, 
    0x8c, 0xad, 0x15, 0x84, 0x80, 0x6f, 0x5a, 0x1e, 0x76, 0xac, 0x0c, 0xae, 0xf4, 0xcc, 0x99, 0x3b, 
    0x87, 0x46, 0x1b, 0xc0, 0x21, 0xa0, 0xea, 0x49, 0x0d, 0x0c, 0x19, 0x02, 0xbe, 0x76, 0xf9, 0x33, 
    0x3d, 0xd8, 0x77, 0x27, 0x17, 0x2c, 0x93, 0x8b, 0xec, 0xf2, 0x17, 0x3f, 0xcb, 0x30, 0x78, 0xc6, 
    0xf4, 0x1d, 0xe1, 0x10, 0x6e, 0xa6, 0x8c, 0x95, 0x31, 0x7b, 0xa6, 0x2c, 0xa0, 0xf4, 0xc9, 0x52, 
    0x56, 0x22, 0x04, 0xa4, 0xf4, 0x8d, 0x95, 0xaf, 0xaa, 0x51, 0x07, 0xcf, 0xdd, 0x36, 0x20, 0x27, 
    0x70, 0xf5, 0xfc, 0x6d, 0xc2, 0xe0, 0xb9, 0x96, 0xc9, 0x99, 0xfc, 0xd5, 0xbf, 0xdc, 0x96, 0xcf, 
    0xd7, 0x0b, 0x20, 0x8c, 0x41, 0x16, 0x90, 0x02, 0x0d, 0x90, 0x60, 0x8b, 0x80, 0x0f, 0xf5, 0x8d, 
    0x6d, 0x6b, 0x79, 0x55, 0x16, 0x80, 0xa0, 0x25, 0xce, 0xe7, 0x44, 0x2e, 0x9f, 0xff, 0xfc, 0x73, 
    0x06, 0x18, 0x83, 0x2c, 0xe0, 0x43, 0x21, 0x20, 0x10, 0x08, 0x78, 0xc6, 0xc7, 0xa7, 0xf6, 0x01, 
    0xc9, 0x89, 0xe1, 0x9f, 0x11, 0x20, 0x5f, 0xff, 0xfd, 0x6f, 0xa4, 0x64, 0x01, 0x1c, 0x96, 0x06, 
    0xae, 0x9c, 0xfd, 0x77, 0x2e, 0x58, 0x26, 0x17, 0xf9, 0xca, 0x33, 0x06, 0xb3, 0xfb, 0x40, 0x27, 
    0x63, 0xf6, 0xfb, 0xfd, 0x9e, 0xd3, 0xa7, 0x4f, 0x3b, 0xef, 0x3b, 0xfb, 0xb6, 0x96, 0x36, 0xce, 
    0xfd, 0x1f, 0xc5, 0x04, 0xa3, 0x12, 0x2f, 0x63, 0x66, 0xd7, 0xff, 0xa5, 0x53, 0x37, 0x19, 0x48, 
    0x66, 0x7d, 0xe1, 0xc4, 0xb0, 0x91, 0x53, 0xb7, 0xa6, 0x15, 0xd1, 0x96, 0x20, 0x75, 0x6c, 0xc8, 
    0xec, 0x01, 0xca, 0x56, 0xb0, 0xc6, 0x8f, 0x85, 0x39, 0x4c, 0xe9, 0xfe, 0x4f, 0x01, 0x58, 0x57, 
    0xa2, 0x42, 0x2b, 0x01, 0x7a, 0xec, 0x16, 0xc0, 0x36, 0x66, 0x4e, 0x80, 0x76, 0x32, 0x47, 0x80, 
    0xa5, 0x80, 0x73, 0x27, 0x6e, 0x18, 0x10, 0x89, 0xf7, 0xec, 0xe9, 0x4f, 0xaf, 0x5f, 0x7b, 0xa5, 
    0x5f, 0x5d, 0xff, 0xac, 0x62, 0x99, 0xd0, 0xd9, 0xe4, 0x0d, 0x03, 0x62, 0x7f, 0xfd, 0xba, 0x88, 
    0xda, 0xbd, 0xe7, 0x68, 0x7a, 0xbb, 0xf7, 0xb5, 0x77, 0x08, 0xb7, 0xe5, 0xf6, 0xec, 0x15, 0xd0, 
    0xf7, 0x46, 0x9f, 0x13, 0x75, 0xe4, 0x12, 0x00, 0x86, 0xf5, 0x30, 0x69, 0x7e, 0xa6, 0x37, 0x08, 
    0x10, 0x33, 0x3b, 0x8a, 0x48, 0xfc, 0xfa, 0x82, 0x7a, 0x7a, 0xe0, 0xba, 0xc0, 0x90, 0x7c, 0xf2, 
    0xf7, 0x43, 0x4c, 0x5c, 0x4c, 0x73, 0x0d, 0x02, 0x16, 0x2f, 0x5a, 0xc9, 0x6d, 0xb9, 0xbd, 0xbc, 
    0x02, 0x98, 0xc3, 0x54, 0x2e, 0x01, 0x0a, 0x70, 0x6b, 0x37, 0xc1, 0x4e, 0xf9, 0x26, 0xd8, 0xb5, 
    0xab, 0x1f, 0x01, 0x0c, 0x1b, 0xd8, 0xb9, 0xbd, 0x97, 0xc7, 0xd2, 0xeb, 0xe4, 0xd1, 0x21, 0x24, 
    0x3c, 0x98, 0x15, 0xe0, 0xce, 0x1d, 0xbd, 0x4c, 0xd6, 0xc0, 0xee, 0xf6, 0x83, 0x94, 0xa4, 0x2f, 
    0xc7, 0xf3, 0x89, 0xa1, 0x4e, 0xb9, 0xbd, 0x2e, 0x08, 0x96, 0xea, 0xff, 0x02, 0xec, 0x00, 0x4b, 
    0xc1, 0xd4, 0x6e, 0x82, 0x7c, 0x1b, 0xc4, 0x5b, 0x89, 0x1b, 0x6f, 0x29, 0xa6, 0x6f, 0x83, 0x4d, 
    0xcf, 0x6f, 0xcb, 0x0a, 0xa8, 0x6a, 0xf5, 0xfa, 0x2c, 0x01, 0xa1, 0xf2, 0xb5, 0x86, 0x20, 0xab, 
    0x2a, 0xd6, 0x67, 0x09, 0x08, 0x57, 0xd6, 0x1b, 0x04, 0xb0, 0x1e, 0x59, 0x00, 0xf7, 0xc9, 0xed, 
    0x35, 0xfd, 0x70, 0x9b, 0x2c, 0x60, 0x08, 0xd4, 0x21, 0xe6, 0xa5, 0x53, 0x7d, 0x1b, 0x14, 0x8f, 
    0x9d, 0x28, 0xc0, 0x74, 0x22, 0xb4, 0xbc, 0xac, 0x5c, 0x4d, 0xfe, 0xf6, 0xfd, 0x0c, 0x89, 0x43, 
    0x97, 0xb3, 0x12, 0xa0, 0x80, 0xf6, 0x97, 0xba, 0x27, 0x2d, 0x40, 0x08, 0x24, 0x42, 0x2a, 0x49, 
    0xbc, 0x75, 0x59, 0x4d, 0xfe, 0xee, 0xfd, 0x0c, 0xcb, 0x97, 0x96, 0xcb, 0x02, 0x4e, 0x50, 0x80, 
    0x18, 0x01, 0x53, 0x12, 0xc0, 0x45, 0x08, 0x00, 0x14, 0xd0, 0x29, 0x0f, 0xe7, 0xfe, 0x03, 0x29, 
    0x21, 0x80, 0xdb, 0xfa, 0x63, 0x42, 0x00, 0x99, 0xac, 0x00, 0x9e, 0x2b, 0xe0, 0x6b, 0x33, 0x01, 
    0x62, 0x0e, 0x20, 0x73, 0x10, 0xb1, 0xd6, 0x81, 0xb4, 0x80, 0xe9, 0xf9, 0x38, 0x5c, 0x52, 0x2a, 
    0x1e, 0x7e, 0xb6, 0x80, 0xaf, 0xf5, 0x0d, 0xb6, 0xff, 0xb8, 0x5b, 0x4d, 0x1c, 0x1e, 0xcc, 0x10, 
    0x0a, 0xae, 0xb5, 0x3c, 0xe6, 0xf7, 0x07, 0x54, 0x04, 0xa6, 0x56, 0xaf, 0xd9, 0xc8, 0xd7, 0x7a, 
    0xb8, 0x8f, 0xc7, 0x70, 0x7e, 0x58, 0xbf, 0x9f, 0x75, 0x88, 0xfa, 0x58, 0xb7, 0xb1, 0xad, 0xd5, 
    0x1b, 0xe5, 0xe4, 0xbf, 0x46, 0x1d, 0xad, 0x5a, 0x87, 0x4d, 0xeb, 0x77, 0x02, 0x3e, 0x40, 0xa3, 
    0x8d, 0xe0, 0x6f, 0xb2, 0xf5, 0x89, 0x06, 0x4c, 0x3a, 0x5f, 0xea, 0x21, 0xb9, 0xf6, 0x4f, 0x58, 
    0xe8, 0x2c, 0xe9, 0xa6, 0x09, 0x8e, 0x23, 0x71, 0xc5, 0x2e, 0x01, 0x01, 0xf0, 0x03, 0xa7, 0xc3, 
    0xb9, 0x5b, 0x16, 0x60, 0x3d, 0x0a, 0x78, 0x2d, 0x1f, 0xe4, 0xbe, 0xfb, 0xa2, 0x6b, 0xe7, 0x6f, 
    0xac, 0x45, 0xc7, 0x7b, 0x28, 0x40, 0xfe, 0x42, 0x64, 0x17, 0x12, 0x0f, 0x81, 0xc0, 0x74, 0x0b, 
    0x10, 0x97, 0xc1, 0x52, 0x10, 0x85, 0x84, 0x4f, 0xb0, 0x96, 0x7a, 0xda, 0x7c, 0x14, 0xac, 0xad, 
    0x69, 0xba, 0x5f, 0x01, 0xbc, 0x1c, 0xac, 0x24, 0x73, 0xf8, 0xcb, 0x02, 0x3e, 0x81, 0x80, 0x17, 
    0xed, 0xe8, 0x7d, 0xb1, 0x78, 0xc1, 0x13, 0x20, 0x0c, 0x92, 0x59, 0xcf, 0x03, 0xf6, 0xa5, 0x0c, 
    0x88, 0xfd, 0xc1, 0x15, 0x61, 0xb5, 0xef, 0xf5, 0x0b, 0x02, 0xdc, 0x28, 0x73, 0x62, 0x28, 0xcb, 
    0x73, 0xe5, 0xfa, 0xc5, 0x31, 0xf9, 0xd9, 0x22, 0x92, 0xef, 0xc1, 0xe4, 0x27, 0xac, 0xc5, 0xe8, 
    0xb5, 0x43, 0x80, 0x0b, 0x3c, 0x06, 0xc2, 0x68, 0x28, 0x8e, 0xf5, 0x88, 0x5e, 0x40, 0xdb, 0xe6, 
    0x57, 0x0d, 0x02, 0x82, 0x4f, 0xd7, 0x88, 0x63, 0xa6, 0x02, 0x8e, 0xec, 0x3f, 0x47, 0xc4, 0xb6, 
    0x99, 0x00, 0x71, 0x3e, 0xeb, 0x32, 0x08, 0x08, 0xae, 0x0a, 0xcb, 0x02, 0x46, 0x20, 0x20, 0x4e, 
    0x01, 0x5a, 0x8c, 0xae, 0x69, 0xcf, 0x1e, 0x33, 0x2a, 0x56, 0xea, 0x43, 0x23, 0x01, 0xad, 0xa1, 
    0x21, 0x69, 0x14, 0x58, 0x0a, 0x68, 0x7b, 0xb1, 0x2b, 0x93, 0xd4, 0xe1, 0x9f, 0x9f, 0x15, 0xc9, 
    0x8b, 0x6d, 0xfd, 0x6b, 0x51, 0x8e, 0xe7, 0x58, 0x09, 0x30, 0x7b, 0xba, 0x9c, 0x84, 0x80, 0x30, 
    0xaf, 0x7d, 0xc6, 0x68, 0x8b, 0x00, 0x2e, 0xd1, 0x68, 0xd4, 0x8b, 0x27, 0x43, 0x6c, 0x24, 0x0c, 
    0x7a, 0x80, 0x2a, 0x8d, 0x02, 0x59, 0x80, 0x7c, 0x19, 0xc8, 0x97, 0x0a, 0x93, 0x36, 0xbc, 0x96, 
    0x87, 0xbf, 0x2c, 0xa0, 0x2d, 0xda, 0x65, 0x26, 0x40, 0x0c, 0xff, 0x40, 0x24, 0x12, 0xf1, 0xda, 
    0xfa, 0x70, 0x1c, 0xbf, 0xcd, 0xf1, 0x80, 0x32, 0x6c, 0x6f, 0x07, 0x9f, 0xea, 0x05, 0x84, 0xab, 
    0xa2, 0x6a, 0xc7, 0x8f, 0x12, 0x84, 0x37, 0x28, 0x92, 0x39, 0xd6, 0xb4, 0x61, 0xa7, 0xda, 0xb5, 
    0x23, 0xa9, 0xf6, 0xec, 0x4d, 0x19, 0x79, 0xc5, 0xc8, 0x4f, 0xb6, 0x25, 0x48, 0xf6, 0xe7, 0x87, 
    0x2d, 0x09, 0xc2, 0x36, 0xe4, 0x63, 0x9f, 0x6a, 0xb1, 0x2c, 0x41, 0x5c, 0xee, 0xd8, 0x96, 0x98, 
    0xcb, 0xee, 0x5f, 0x84, 0x7b, 0x00, 0x05, 0x6c, 0x04, 0x57, 0x0d, 0x53, 0xe3, 0x25, 0xd5, 0xe9, 
    0xe4, 0x6b, 0x6b, 0x3a, 0xb3, 0x04, 0x2c, 0x5f, 0x54, 0x95, 0x16, 0xb0, 0xa7, 0x3d, 0x69, 0x29, 
    0x60, 0x0f, 0x8e, 0x33, 0xf9, 0xb2, 0xa7, 0x42, 0x59, 0x02, 0xaa, 0x56, 0x2a, 0x14, 0xc0, 0x36, 
    0xe4, 0x63, 0xef, 0x82, 0x0d, 0x48, 0x7e, 0x09, 0x7e, 0x33, 0xe4, 0xc6, 0xb6, 0xc3, 0x56, 0x01, 
    0xf8, 0x65, 0x16, 0x47, 0x80, 0x10, 0xf0, 0x0b, 0x7d, 0x30, 0xf3, 0x1f, 0x2d, 0x15, 0xbd, 0x2f, 
    0x0b, 0x10, 0xa3, 0x80, 0x02, 0x0c, 0x30, 0x69, 0x41, 0x67, 0x2c, 0xa1, 0xbe, 0xb0, 0xae, 0x9d, 
    0x65, 0xcd, 0xa0, 0x00, 0xb6, 0x61, 0x29, 0x00, 0xb1, 0xb9, 0xd5, 0xff, 0xdb, 0xff, 0xb3, 0x39, 
    0x0f, 0x90, 0x05, 0x08, 0x98, 0xb4, 0xa5, 0x00, 0x12, 0x6f, 0xe8, 0x57, 0x3b, 0x91, 0x88, 0x80, 
    0x49, 0x0b, 0xe2, 0x8d, 0xfd, 0x2c, 0x33, 0x59, 0x7a, 0x28, 0x00, 0x2c, 0x01, 0x6e, 0x60, 0xef, 
    0x82, 0x3b, 0xad, 0x03, 0xcc, 0x05, 0x2b, 0xc0, 0x76, 0x06, 0x31, 0x59, 0x3a, 0x9a, 0x13, 0x19, 
    0xb6, 0x6d, 0xca, 0xc0, 0x63, 0x93, 0x06, 0x31, 0xb4, 0x80, 0x90, 0x98, 0xfc, 0xcc, 0xa4, 0x80, 
    0x52, 0x50, 0x87, 0x5d, 0xd7, 0x73, 0x04, 0xf8, 0x31, 0xb8, 0x69, 0x76, 0xac, 0xb6, 0xb2, 0x3d, 
    0x23, 0xa0, 0x7c, 0x99, 0x62, 0x75, 0xfe, 0x4d, 0xd6, 0x91, 0xa3, 0xfe, 0xeb, 0x88, 0xa1, 0x11, 
    0x2c, 0x9d, 0x69, 0x01, 0x84, 0x02, 0x56, 0xf0, 0x27, 0x72, 0x16, 0x12, 0x2e, 0x81, 0xfd, 0x38, 
    0x7e, 0x40, 0x48, 0x98, 0x24, 0x37, 0x79, 0x2e, 0x78, 0x1d, 0xdb, 0x17, 0x4d, 0x8e, 0xdf, 0x65, 
    0xdb, 0x56, 0x73, 0x7f, 0x5b, 0x6f, 0x84, 0xfa, 0x51, 0xc0, 0x67, 0xf2, 0xda, 0xaf, 0x44, 0xdf, 
    0xc2, 0xfa, 0x0c, 0x13, 0xc7, 0x36, 0x13, 0x17, 0x3f, 0x85, 0x57, 0xb0, 0xaf, 0x63, 0x92, 0x12, 
    0x98, 0x7c, 0x07, 0x50, 0x50, 0x47, 0x3d, 0xd6, 0x44, 0x88, 0x38, 0xc3, 0xb6, 0x40, 0x33, 0xdb, 
    0x9e, 0xd1, 0xe4, 0xc5, 0xc2, 0x6f, 0x59, 0x30, 0x29, 0x72, 0x63, 0xd3, 0xe7, 0x75, 0x79, 0x03, 
    0x60, 0x05, 0xa8, 0x00, 0x61, 0x4c, 0x4e, 0x9e, 0x05, 0x15, 0x60, 0x05, 0x58, 0x84, 0x32, 0x0b, 
    0x41, 0x25, 0x68, 0x02, 0x7f, 0x9d, 0xc0, 0x35, 0x7d, 0x0e, 0x34, 0x82, 0x10, 0x61, 0x1d, 0x5a, 
    0x5d, 0x15, 0x5a, 0xdd, 0x61, 0x5d, 0xfd, 0x9c, 0x94, 0xcd, 0x61, 0x2c, 0x8c, 0x69, 0x26, 0x1d, 
    0x38, 0x08, 0x1b, 0x46, 0xd2, 0x5e, 0xe0, 0x07, 0x01, 0xc2, 0xa0, 0x08, 0x1e, 0xa9, 0xf9, 0xb1, 
    0xf6, 0x06, 0x02, 0x81, 0x85, 0x7a, 0x09, 0x5a, 0x4f, 0x7e, 0x20, 0xfd, 0x57, 0xc9, 0x08, 0x18, 
    0xe2, 0x7c, 0x5e, 0x97, 0x7c, 0x09, 0xd1, 0xea, 0x21, 0x01, 0x09, 0x3f, 0x1e, 0xdc, 0x7a, 0x11, 
    0x43, 0x91, 0x88, 0x07, 0xcc, 0xec, 0x22, 0xac, 0x47, 0x23, 0x51, 0x4a, 0x48, 0xc3, 0xa4, 0xab, 
    0x6b, 0xaa, 0xbd, 0xa2, 0x8c, 0xd2, 0xa8, 0x38, 0x20, 0xc1, 0x21, 0x44, 0x60, 0xd8, 0xd6, 0x10, 
    0x24, 0xdb, 0xa6, 0x11, 0xc7, 0x7e, 0x12, 0xe6, 0x74, 0x56, 0x97, 0xbc, 0x03, 0xff, 0x16, 0x93, 
    0x49, 0x8a, 0x75, 0xb2, 0x6e, 0x26, 0x4d, 0xf4, 0x9d, 0x21, 0xe2, 0x28, 0xd4, 0xc5, 0x41, 0x09, 
    0xa1, 0x8a, 0x90, 0x90, 0xb0, 0x80, 0x20, 0xc1, 0xb4, 0x08, 0x31, 0x87, 0x17, 0x88, 0xe4, 0x81, 
    0x48, 0xec, 0xdb, 0xbf, 0x70, 0x76, 0x46, 0x38, 0x4f, 0x0f, 0x96, 0x07, 0x5d, 0xda, 0x3f, 0x57, 
    0xfa, 0xc0, 0x3c, 0xfe, 0xee, 0x10, 0x62, 0x7c, 0xa0, 0x98, 0x93, 0x2c, 0xed, 0xde, 0xe2, 0x04, 
    0x05, 0x9f, 0xfc, 0x94, 0x9e, 0x38, 0x21, 0x79, 0xc0, 0x44, 0x8d, 0x3c, 0xfc, 0x0f, 0xea, 0x87, 
    0xcb, 0xcc, 0x2e, 0xdf, 0x00, 0xc0, 0xa2, 0x49, 0xaf, 0x79, 0x59, 0xc2, 0x38, 0x00, 0x00, 0x00, 
    0x00, 0x49, 0x45, 0x4e, 0x44, 0xae, 0x42, 0x60, 0x82
};

// Source: https://raw.communitydragon.org/latest/game/assets/ux/minimap/icons/riftherald.png
constexpr std::uint8_t awareness_riftherald[] = {
    0x89, 0x50, 0x4e, 0x47, 0x0d, 0x0a, 0x1a, 0x0a, 0x00, 0x00, 0x00, 0x0d, 0x49, 0x48, 0x44, 0x52, 
    0x00, 0x00, 0x00, 0x40, 0x00, 0x00, 0x00, 0x40, 0x08, 0x06, 0x00, 0x00, 0x00, 0xaa, 0x69, 0x71, 
    0xde, 0x00, 0x00, 0x0a, 0x01, 0x49, 0x44, 0x41, 0x54, 0x78, 0xda, 0xed, 0x9b, 0x6d, 0x6c, 0x53, 
    0xd7, 0x19, 0xc7, 0x63, 0xfb, 0x3a, 0x31, 0x09, 0x66, 0x0e, 0x4d, 0xd2, 0x30, 0xe7, 0xc5, 0x26, 
    0x89, 0x89, 0x93, 0xac, 0x60, 0x8a, 0x64, 0xdc, 0xa6, 0x89, 0xc8, 0x48, 0x52, 0x12, 0x42, 0x14, 
    0x33, 0xd7, 0x21, 0x34, 0xd5, 0x46, 0xca, 0xc6, 0x4b, 0x61, 0xcd, 0xac, 0x76, 0xb4, 0xe9, 0x18, 
    0x1a, 0x56, 0xb5, 0x68, 0x29, 0xdd, 0x54, 0xb4, 0x49, 0x28, 0x1b, 0x42, 0x0a, 0x9a, 0x8a, 0x16, 
    0x21, 0x55, 0x8b, 0x0a, 0x95, 0xd0, 0x80, 0x82, 0x85, 0x84, 0x86, 0x90, 0x2a, 0xa1, 0x4a, 0xd1, 
    0xb2, 0xa2, 0x49, 0xcb, 0x07, 0x36, 0x90, 0xb6, 0x0f, 0xf9, 0xb0, 0x0f, 0x67, 0xff, 0xe7, 0xea, 
    0x1c, 0xeb, 0xf8, 0xde, 0x6b, 0x3b, 0xf1, 0x4b, 0x43, 0x25, 0x1f, 0xe9, 0xa7, 0x73, 0xb9, 0x3e, 
    0xe7, 0x39, 0xe7, 0xf9, 0x9d, 0xe3, 0x1b, 0xfb, 0xfa, 0x52, 0x54, 0x28, 0x85, 0x52, 0x28, 0x85, 
    0x52, 0x28, 0x85, 0x92, 0xdb, 0xb2, 0xb4, 0xb4, 0x64, 0x92, 0xfe, 0x69, 0x22, 0x16, 0x1f, 0x2d, 
    0xa2, 0x4e, 0x5f, 0x9e, 0x3c, 0x7a, 0x62, 0xd2, 0xc6, 0xfa, 0x26, 0x26, 0xaf, 0x32, 0x33, 0x33, 
    0x63, 0x3e, 0x37, 0x7d, 0x2e, 0x0e, 0x49, 0x60, 0x8c, 0xa5, 0x4a, 0xc8, 0x24, 0x61, 0x3e, 0x3f, 
    0x7d, 0xde, 0x4c, 0x31, 0x44, 0xcc, 0x6f, 0x8a, 0x0c, 0xb3, 0x6f, 0x8b, 0xcf, 0xec, 0x72, 0xb9, 
    0xcc, 0x0e, 0x87, 0xc3, 0x5c, 0x55, 0x59, 0x65, 0x13, 0xb8, 0x5d, 0x6e, 0x5b, 0xf0, 0x95, 0xa0, 
    0x2d, 0x59, 0x47, 0x9b, 0xcd, 0x56, 0x82, 0x4a, 0xc5, 0x51, 0xe1, 0x50, 0xf1, 0x34, 0x79, 0xcc, 
    0x04, 0xc5, 0x8d, 0x8c, 0x47, 0x50, 0x3f, 0xc5, 0xc5, 0xb6, 0xd6, 0xa6, 0xf0, 0xc4, 0x5d, 0x04, 
    0x4e, 0xb9, 0xca, 0x4a, 0xcb, 0x5a, 0x51, 0xb7, 0xa2, 0x26, 0x6c, 0x45, 0x4a, 0x91, 0x03, 0xd8, 
    0x8c, 0x92, 0x07, 0xdf, 0xe2, 0x02, 0x5a, 0x24, 0x5c, 0x02, 0x2e, 0x42, 0x01, 0x4f, 0x57, 0x19, 
    0x19, 0x1d, 0x51, 0x90, 0x3c, 0x61, 0x97, 0x26, 0xdc, 0xc9, 0xd9, 0x23, 0xd1, 0x8a, 0xe9, 0xbb, 
    0x84, 0x04, 0x6d, 0xf2, 0xa0, 0xde, 0x5a, 0x6c, 0x6d, 0x01, 0x03, 0x38, 0x3d, 0x40, 0xb5, 0x88, 
    0x23, 0xc5, 0xb5, 0x3f, 0x4d, 0x12, 0x4c, 0x3c, 0x79, 0x1b, 0xb0, 0x83, 0x7a, 0x69, 0xc2, 0xef, 
    0x81, 0x2f, 0x01, 0xe3, 0x5c, 0x01, 0xe3, 0x98, 0x7a, 0x40, 0x48, 0xa0, 0xb7, 0x43, 0x38, 0x1c, 
    0x8e, 0x27, 0x0f, 0xfc, 0xd4, 0x06, 0xcc, 0x8b, 0x7e, 0x3c, 0xc6, 0x7b, 0x52, 0xdc, 0x7a, 0x2e, 
    0xc1, 0x86, 0xeb, 0x83, 0xc2, 0xaf, 0x29, 0xab, 0x53, 0x68, 0x02, 0xa8, 0x4a, 0xb0, 0xdd, 0x4b, 
    0xac, 0x56, 0x6b, 0x0b, 0xa0, 0x15, 0x7b, 0x15, 0x5c, 0x05, 0xcc, 0x80, 0x47, 0xe0, 0x30, 0x12, 
    0xdd, 0x44, 0xfd, 0x08, 0x5c, 0x17, 0xa8, 0x26, 0x9a, 0xc1, 0x11, 0xde, 0x86, 0x09, 0x34, 0x02, 
    0xf7, 0x83, 0x16, 0xa2, 0x6c, 0x6d, 0x59, 0x89, 0xbb, 0xd1, 0x5d, 0x82, 0x7d, 0xb7, 0xaa, 0xbb, 
    0x61, 0x0d, 0x50, 0x93, 0x47, 0x3d, 0xc0, 0x57, 0xef, 0x3e, 0x60, 0x29, 0xb8, 0x04, 0x5e, 0x26, 
    0x09, 0xd5, 0xd5, 0xd5, 0x25, 0xb8, 0x38, 0x96, 0xe0, 0xda, 0x40, 0xc9, 0xef, 0x02, 0x7f, 0x4d, 
    0xd3, 0xf7, 0x3e, 0x1f, 0x63, 0x40, 0x48, 0x80, 0x00, 0x1b, 0x50, 0x56, 0x63, 0xe5, 0x89, 0xf5, 
    0x80, 0x27, 0x2f, 0x6d, 0xdd, 0xd4, 0xfc, 0x8b, 0x04, 0x80, 0x4d, 0xd8, 0x39, 0x5a, 0x01, 0x8f, 
    0x97, 0xd1, 0x7f, 0x5e, 0x96, 0x80, 0xe4, 0xcb, 0x57, 0x63, 0x17, 0x28, 0xc0, 0x0e, 0x5c, 0x58, 
    0xfd, 0xa4, 0xc9, 0x3b, 0xcb, 0xeb, 0xd8, 0xf1, 0x9e, 0x13, 0x49, 0x05, 0x10, 0x3c, 0x79, 0x43, 
    0x01, 0xe8, 0x4b, 0x31, 0x52, 0x4a, 0x40, 0xf2, 0x75, 0x60, 0x6d, 0xf8, 0x95, 0x70, 0xfe, 0x25, 
    0xd0, 0x05, 0xe7, 0xe4, 0xa9, 0x93, 0x66, 0xa4, 0x4f, 0x34, 0x80, 0x6e, 0x9c, 0x1e, 0x35, 0xda, 
    0xf6, 0x5d, 0xcd, 0x7d, 0x2c, 0xf6, 0xce, 0x02, 0x3b, 0xd0, 0x71, 0x48, 0x3b, 0xf9, 0x87, 0x66, 
    0xb3, 0xf9, 0x0d, 0x88, 0x1b, 0x04, 0x5b, 0x39, 0x83, 0x38, 0xff, 0x06, 0xb8, 0x25, 0xb7, 0x1d, 
    0x7d, 0xf1, 0x00, 0x62, 0x3c, 0x40, 0xac, 0xde, 0x64, 0x6f, 0x87, 0xfd, 0xa0, 0x07, 0x34, 0x3a, 
    0xbf, 0xed, 0xb4, 0xa0, 0xb6, 0xd0, 0x27, 0xc9, 0x7c, 0xae, 0xbb, 0x49, 0x24, 0x2f, 0x09, 0xb8, 
    0x9a, 0x2c, 0x79, 0xc2, 0x57, 0xbf, 0x4d, 0x3b, 0xf1, 0x5b, 0x10, 0x30, 0x49, 0x12, 0xc0, 0x20, 
    0x10, 0xc9, 0x4f, 0x6a, 0x05, 0x3c, 0x57, 0xeb, 0x23, 0x01, 0xa9, 0x24, 0x5c, 0x11, 0x02, 0xec, 
    0x76, 0x7b, 0xa3, 0xb7, 0xd9, 0x6b, 0xa1, 0x4f, 0x8f, 0x79, 0x5b, 0x7d, 0x24, 0x6c, 0x91, 0x57, 
    0x1f, 0xfc, 0x32, 0x55, 0xf2, 0xc0, 0x68, 0xd2, 0x0f, 0x39, 0xb7, 0xa8, 0x36, 0x80, 0xc9, 0x20, 
    0xf9, 0x74, 0x12, 0x26, 0x41, 0x0f, 0x09, 0x40, 0x6d, 0x01, 0x4a, 0x3e, 0x57, 0xdf, 0x26, 0xad, 
    0xfe, 0x0f, 0xc1, 0xbf, 0x13, 0xde, 0xf3, 0x8e, 0x3a, 0x4a, 0x5a, 0x2b, 0x20, 0x2b, 0x64, 0x01, 
    0x00, 0x63, 0x38, 0xb5, 0x6d, 0x1e, 0x83, 0x1f, 0x81, 0x46, 0x8e, 0x0d, 0xe4, 0x67, 0x17, 0xe0, 
    0x0f, 0x8e, 0x1d, 0x34, 0xe1, 0x70, 0x27, 0xb8, 0x0e, 0x18, 0x2e, 0x40, 0x71, 0xde, 0x1f, 0xfc, 
    0x2d, 0xbb, 0xfb, 0xd3, 0x87, 0x71, 0xe6, 0x8e, 0xc5, 0xb2, 0x16, 0x40, 0x31, 0xe4, 0x98, 0x53, 
    0xc1, 0x69, 0x79, 0x4c, 0xd1, 0xee, 0x06, 0xe8, 0xc6, 0xdc, 0x3c, 0xd5, 0x1b, 0xaa, 0xd7, 0xe1, 
    0xb8, 0x24, 0x1f, 0xc9, 0x17, 0x83, 0x0a, 0x5c, 0xb0, 0x76, 0xe2, 0x7d, 0x3b, 0x86, 0x53, 0x7f, 
    0x97, 0x05, 0xf4, 0x7a, 0x07, 0x59, 0xec, 0xad, 0x85, 0x84, 0xc9, 0x5e, 0xff, 0xc9, 0x17, 0x39, 
    0x17, 0x70, 0xef, 0x9d, 0x45, 0xd6, 0xd7, 0x1a, 0x94, 0x05, 0x08, 0x5e, 0x07, 0xdd, 0xa0, 0x32, 
    0x5f, 0x02, 0xec, 0xc0, 0xcd, 0x05, 0x5c, 0xa0, 0x41, 0x65, 0x01, 0x48, 0x5e, 0x27, 0x80, 0xd0, 
    0x5d, 0x23, 0x9a, 0xfa, 0x58, 0xb4, 0xff, 0xac, 0x21, 0x78, 0x4d, 0xd7, 0x1e, 0x12, 0x75, 0x02, 
    0x80, 0x91, 0x80, 0x1b, 0x98, 0x17, 0x09, 0x68, 0xe0, 0xbb, 0x20, 0x77, 0x05, 0x9f, 0xd7, 0xd5, 
    0xd5, 0x07, 0x9b, 0xf1, 0xcf, 0xf8, 0xea, 0x03, 0xb1, 0xfa, 0x49, 0x05, 0x04, 0xdc, 0x5d, 0x6a, 
    0xbb, 0xc8, 0x77, 0xa3, 0x6c, 0xf6, 0x60, 0x8c, 0xc5, 0xc6, 0x17, 0x52, 0x32, 0x87, 0x36, 0x27, 
    0xd0, 0x96, 0xfa, 0xb4, 0xa3, 0x2f, 0x62, 0xe8, 0x04, 0xc8, 0xbb, 0x40, 0x96, 0x05, 0x01, 0xb4, 
    0x0b, 0x7c, 0x10, 0x50, 0xe9, 0x7b, 0xde, 0x97, 0x9b, 0x5d, 0xb0, 0xf4, 0xdf, 0x25, 0x13, 0x06, 
    0x22, 0xea, 0x41, 0x07, 0x4e, 0x7d, 0x00, 0x98, 0x2c, 0xe0, 0xda, 0xe1, 0x07, 0x02, 0x5d, 0x42, 
    0xd3, 0xfb, 0xe6, 0xd8, 0xe5, 0x03, 0x77, 0xd8, 0xcd, 0xa3, 0xf3, 0x2a, 0xb1, 0x63, 0x0b, 0xa9, 
    0x40, 0x9b, 0x2f, 0x55, 0xfe, 0xf8, 0xda, 0x67, 0x6c, 0x6a, 0x68, 0x5a, 0x17, 0x4f, 0x1e, 0xcb, 
    0x61, 0x73, 0x68, 0x05, 0x7c, 0x88, 0xf9, 0x74, 0x02, 0x17, 0x30, 0x11, 0x59, 0x0b, 0xe0, 0x81, 
    0x1c, 0x5c, 0xc0, 0x1e, 0x9c, 0xba, 0x27, 0x0f, 0xba, 0xb3, 0x69, 0x77, 0xc2, 0xa4, 0x3e, 0x3f, 
    0x36, 0x2f, 0x23, 0x12, 0x5f, 0xa9, 0x00, 0x81, 0x2e, 0x9e, 0x3c, 0xd6, 0xae, 0xe6, 0xa0, 0x2c, 
    0x80, 0xf8, 0x0b, 0xcd, 0x91, 0x0b, 0x70, 0x44, 0x7f, 0x11, 0xcd, 0xa9, 0x80, 0xcd, 0x60, 0x14, 
    0xa7, 0x16, 0xe4, 0x41, 0x4f, 0xf5, 0xfe, 0x26, 0x61, 0x52, 0xd7, 0x0f, 0xab, 0x93, 0xa6, 0x9a, 
    0xc8, 0x56, 0x80, 0x2e, 0x9e, 0x3c, 0xd6, 0xe9, 0x97, 0xcf, 0x6a, 0x05, 0x3c, 0xc1, 0x1c, 0x5f, 
    0xe3, 0x73, 0x75, 0x8c, 0x0c, 0x8f, 0x64, 0x2f, 0x20, 0xbc, 0x37, 0x2c, 0x0b, 0x38, 0xa6, 0x19, 
    0x90, 0x26, 0xa2, 0x13, 0x00, 0x92, 0x0a, 0x98, 0xda, 0x73, 0x9e, 0x05, 0x37, 0x7f, 0x9f, 0x55, 
    0x3b, 0xdc, 0x2a, 0x6e, 0xce, 0x30, 0xce, 0x7d, 0x88, 0xd7, 0x0c, 0x04, 0xc8, 0xe8, 0xc6, 0xd3, 
    0xce, 0x07, 0x73, 0x3c, 0x2e, 0x04, 0xf8, 0x9e, 0xf3, 0x99, 0xb2, 0xfe, 0xf4, 0x87, 0xef, 0xeb, 
    0xf4, 0x6d, 0xad, 0x81, 0xdf, 0x8c, 0xf8, 0x48, 0x1e, 0xcc, 0x5d, 0xee, 0x61, 0xd7, 0x0e, 0x3e, 
    0x48, 0xc9, 0xdc, 0xe8, 0x3d, 0x81, 0xb8, 0x68, 0xa5, 0x04, 0x6d, 0xe4, 0x3e, 0x69, 0xe3, 0x37, 
    0x60, 0x0e, 0x9a, 0x18, 0xbf, 0x06, 0x1d, 0x60, 0x63, 0x4e, 0xfe, 0x1c, 0x92, 0x00, 0x54, 0x42, 
    0xc0, 0x65, 0x79, 0xb0, 0xae, 0x8d, 0xbb, 0xd9, 0x67, 0x3f, 0xf8, 0x42, 0x4c, 0x46, 0x1c, 0xcb, 
    0xff, 0x96, 0x93, 0x5f, 0xb6, 0x00, 0x59, 0x02, 0x62, 0x88, 0xb8, 0x86, 0x75, 0x2f, 0xe6, 0xa0, 
    0x89, 0xf1, 0x27, 0xd0, 0x81, 0xbf, 0x58, 0xf9, 0x17, 0x30, 0xb6, 0x2d, 0x42, 0x93, 0x48, 0x8a, 
    0x10, 0xb0, 0xc3, 0xdd, 0x67, 0x28, 0x20, 0xf2, 0x62, 0x94, 0x30, 0x14, 0x40, 0x7d, 0x84, 0x00, 
    0xc1, 0xa7, 0xa3, 0xf7, 0x75, 0xf1, 0x8f, 0x62, 0x0e, 0xc9, 0x04, 0xe0, 0x86, 0x4b, 0xce, 0x05, 
    0xdc, 0xd5, 0x0a, 0xc0, 0xa4, 0x52, 0x21, 0x56, 0xdf, 0x50, 0xc0, 0xec, 0xbe, 0x18, 0xa1, 0x15, 
    0x20, 0xef, 0x82, 0x74, 0xf1, 0x8d, 0x04, 0xdc, 0x01, 0x1d, 0x20, 0x7b, 0x01, 0x74, 0x0d, 0xa8, 
    0xaa, 0xae, 0x2a, 0xc1, 0xad, 0x27, 0x12, 0xb0, 0x5f, 0x2b, 0xe0, 0xf8, 0xf6, 0x28, 0x9b, 0x0b, 
    0xdd, 0x4b, 0x64, 0x5f, 0x22, 0xb3, 0x43, 0x3c, 0x41, 0x0d, 0x11, 0xf4, 0x9d, 0x0d, 0xc5, 0x08, 
    0x3a, 0x36, 0x6c, 0x83, 0xbe, 0xda, 0x78, 0xda, 0xf1, 0x74, 0x7d, 0x21, 0xee, 0x36, 0x78, 0x01, 
    0xd4, 0xb9, 0x6a, 0x5d, 0x96, 0xa2, 0x6c, 0x0b, 0x04, 0x48, 0x3b, 0x20, 0x77, 0x02, 0x90, 0xb8, 
    0xcc, 0xd3, 0x29, 0x80, 0xdf, 0x72, 0xa6, 0x1d, 0x60, 0x28, 0xc0, 0x5f, 0xd3, 0xc5, 0x26, 0x5e, 
    0x98, 0x4a, 0x98, 0xd0, 0x27, 0xa1, 0xbb, 0x32, 0x86, 0x02, 0x02, 0xe8, 0xa7, 0x15, 0x80, 0x73, 
    0x46, 0x02, 0x74, 0xf1, 0xe4, 0xb1, 0x4e, 0x6c, 0x9f, 0xa2, 0x7e, 0xff, 0xe4, 0x37, 0x53, 0xff, 
    0x0c, 0xa6, 0x91, 0xf8, 0x38, 0xa8, 0x23, 0x02, 0xfe, 0x40, 0xf6, 0x3b, 0x00, 0xb7, 0x9e, 0x65, 
    0x01, 0x97, 0x93, 0x5d, 0xb5, 0x85, 0x88, 0xcb, 0x43, 0x77, 0x64, 0xd4, 0x24, 0x02, 0xce, 0xae, 
    0x15, 0xef, 0x00, 0xf4, 0xa1, 0xbe, 0xda, 0x78, 0x22, 0x71, 0xb4, 0xb1, 0x71, 0x8a, 0x48, 0xc0, 
    0x34, 0x38, 0x02, 0x82, 0xf2, 0xea, 0x07, 0x87, 0x82, 0xd9, 0x0b, 0xc0, 0x6d, 0xa6, 0x62, 0xf2, 
    0x00, 0xda, 0x41, 0x04, 0xfc, 0x07, 0x30, 0x23, 0xb6, 0x3d, 0xdb, 0xc9, 0x2e, 0xee, 0x8a, 0x25, 
    0x30, 0x0b, 0x22, 0x5b, 0xb1, 0x4d, 0x95, 0x22, 0x22, 0xde, 0x36, 0xd4, 0x14, 0x62, 0x97, 0xfa, 
    0x2f, 0xa1, 0xcd, 0x35, 0xe6, 0xaf, 0xee, 0xd4, 0x09, 0x7d, 0x73, 0xeb, 0x29, 0x7a, 0x4d, 0x17, 
    0xaf, 0xb3, 0xa6, 0xcf, 0x68, 0xec, 0x4f, 0xf0, 0x3d, 0xe0, 0xe7, 0x60, 0x37, 0x8e, 0xfd, 0xf6, 
    0x75, 0xf6, 0x5a, 0xd4, 0x16, 0x8e, 0x29, 0xb3, 0xed, 0xff, 0x3f, 0x66, 0x22, 0x48, 0x00, 0x6e, 
    0x37, 0x09, 0x01, 0x61, 0x0c, 0xf2, 0xb1, 0xa1, 0x00, 0xce, 0xf1, 0x2d, 0x51, 0x9d, 0x00, 0x40, 
    0x2b, 0x2a, 0x04, 0x08, 0x84, 0x00, 0xc3, 0x1d, 0x85, 0xf3, 0x5a, 0x01, 0x90, 0xf2, 0xbe, 0x68, 
    0x97, 0x4c, 0xc2, 0x41, 0x21, 0x00, 0x58, 0xbc, 0x6d, 0x5e, 0xcb, 0xb9, 0xdf, 0x9d, 0xcb, 0x4c, 
    0x00, 0x99, 0x0b, 0xed, 0x0d, 0x29, 0xa8, 0x65, 0x01, 0x91, 0x34, 0x3f, 0x5e, 0x60, 0x35, 0xbb, 
    0xf4, 0x02, 0xe4, 0x5d, 0x50, 0x94, 0xb8, 0x0b, 0xe4, 0xd5, 0x07, 0x22, 0x79, 0x43, 0x01, 0xed, 
    0xce, 0x5e, 0x6a, 0x93, 0x52, 0x02, 0x18, 0x02, 0x7e, 0xa0, 0xee, 0x82, 0x81, 0xfe, 0x01, 0x65, 
    0xf1, 0x1f, 0x8b, 0x24, 0x01, 0xac, 0x60, 0xf5, 0x51, 0x99, 0x41, 0x29, 0x88, 0xaf, 0x3e, 0xb8, 
    0x9d, 0x6c, 0xeb, 0xa3, 0x16, 0x68, 0x05, 0xc8, 0x12, 0xd2, 0x25, 0x40, 0x5b, 0x3f, 0x99, 0x00, 
    0xf9, 0x73, 0x84, 0x78, 0x2b, 0x18, 0x71, 0x55, 0x23, 0xa1, 0x0c, 0x58, 0x32, 0xf9, 0x16, 0x68, 
    0x05, 0x95, 0xb8, 0x03, 0xd4, 0x8a, 0xad, 0xb5, 0x0b, 0xa7, 0x6e, 0x1a, 0x0d, 0x78, 0xa8, 0xf9, 
    0x04, 0x9b, 0x6e, 0x9f, 0x4b, 0x14, 0x52, 0xd9, 0xc9, 0xa6, 0x77, 0x5c, 0x23, 0xe8, 0xb5, 0x04, 
    0xa2, 0x6d, 0x9a, 0x7b, 0x7a, 0x12, 0x78, 0x4d, 0xdb, 0x5e, 0xc4, 0x41, 0xcc, 0x44, 0xc9, 0x78, 
    0x8d, 0xc6, 0x4e, 0x26, 0xe1, 0x26, 0xe8, 0x03, 0x6d, 0xf8, 0x44, 0x58, 0x89, 0xe7, 0x15, 0xac, 
    0x99, 0x08, 0x28, 0x05, 0x4e, 0xfe, 0x8b, 0xcd, 0x8c, 0xd1, 0x40, 0xd1, 0x2d, 0x7c, 0xc2, 0x60, 
    0x5b, 0x45, 0x7b, 0xa2, 0x98, 0xd6, 0x93, 0xea, 0xc4, 0x27, 0xb7, 0x5c, 0x10, 0x08, 0x01, 0x2a, 
    0x23, 0x75, 0x47, 0x98, 0xaf, 0x3c, 0xc0, 0xda, 0xc0, 0x30, 0x8e, 0xe9, 0x9c, 0x10, 0x30, 0xe9, 
    0xbb, 0x20, 0xa0, 0x18, 0x14, 0x4b, 0x8e, 0x4d, 0x63, 0x89, 0x71, 0x69, 0x0e, 0xc9, 0x24, 0xcc, 
    0x60, 0xf1, 0xfa, 0x20, 0xc0, 0x09, 0x4a, 0x33, 0x15, 0xe0, 0xe1, 0x02, 0xbe, 0x32, 0x48, 0x5e, 
    0x08, 0x90, 0x57, 0x43, 0x27, 0xe1, 0xed, 0xc6, 0x33, 0x32, 0x94, 0x64, 0x4a, 0xde, 0xf6, 0x9c, 
    0x91, 0xa1, 0x18, 0x46, 0xbb, 0x4e, 0x16, 0x90, 0x4c, 0xc2, 0x57, 0xd8, 0xb9, 0x24, 0xc0, 0xb3, 
    0x62, 0x01, 0xc1, 0x60, 0xd0, 0xca, 0xef, 0x01, 0x78, 0xf8, 0xf6, 0x67, 0x32, 0xc3, 0xae, 0x43, 
    0x69, 0x05, 0x08, 0xc6, 0xaa, 0x27, 0x32, 0x16, 0x30, 0x56, 0x33, 0xc1, 0xe3, 0xa4, 0x17, 0x80, 
    0x39, 0x19, 0xb5, 0xcd, 0x4c, 0x00, 0x15, 0xea, 0x04, 0x1a, 0x20, 0xe0, 0x25, 0xed, 0x5d, 0x20, 
    0xef, 0x5a, 0x1f, 0x9b, 0x68, 0x3c, 0xab, 0xc3, 0xa1, 0x54, 0x1b, 0x4e, 0xb8, 0xb7, 0x72, 0x98, 
    0x1d, 0x75, 0x45, 0x55, 0x22, 0xcb, 0x64, 0x37, 0xfa, 0x18, 0xc5, 0xa2, 0x31, 0xe4, 0x31, 0x23, 
    0x1b, 0xcf, 0x10, 0x46, 0x6d, 0x17, 0x30, 0xf7, 0x76, 0xd4, 0x0d, 0xce, 0x1a, 0x67, 0xc6, 0x02, 
    0xea, 0xf0, 0x3e, 0x7a, 0x09, 0x81, 0xfe, 0x40, 0x41, 0x35, 0x12, 0xd2, 0x0b, 0xd0, 0x8b, 0x58, 
    0x56, 0xe2, 0x9e, 0xd2, 0x36, 0x6a, 0xbf, 0x6c, 0x01, 0x81, 0xf2, 0x5e, 0xa3, 0xb6, 0xbf, 0xc7, 
    0xdc, 0x49, 0xc0, 0x86, 0x4c, 0x05, 0x58, 0x41, 0x05, 0x17, 0x30, 0x4a, 0x46, 0xd3, 0x49, 0x78, 
    0x7e, 0xdd, 0x0e, 0x3a, 0x9f, 0x16, 0x24, 0x48, 0x89, 0x12, 0x22, 0x61, 0x62, 0x59, 0x7d, 0x31, 
    0x86, 0x3c, 0x26, 0x25, 0x9f, 0x6c, 0xf5, 0x5f, 0xe5, 0x02, 0x2a, 0x80, 0x35, 0x53, 0x01, 0xa5, 
    0xa0, 0x56, 0x96, 0x90, 0x6a, 0x42, 0xe1, 0x0d, 0x47, 0xe8, 0x5c, 0x5e, 0xc1, 0x18, 0xe9, 0x84, 
    0x53, 0xf2, 0x3f, 0x43, 0xdd, 0x8e, 0xb9, 0xd7, 0xd0, 0xea, 0x07, 0x43, 0x41, 0x6b, 0x46, 0x0f, 
    0x3c, 0xd2, 0xc5, 0x10, 0x9f, 0xde, 0xd6, 0x83, 0x06, 0xd0, 0x03, 0xde, 0x4d, 0x36, 0xb1, 0xae, 
    0xca, 0x20, 0x1b, 0x73, 0x4d, 0x18, 0xdd, 0xf6, 0x7a, 0x98, 0x79, 0xc2, 0xfa, 0xbf, 0x3e, 0xb8, 
    0x8e, 0xd0, 0x5b, 0x29, 0x69, 0x7b, 0x24, 0xfd, 0x2e, 0xe8, 0x01, 0x0d, 0x60, 0x3d, 0xce, 0x65, 
    0xf5, 0x20, 0x95, 0x19, 0x49, 0x9b, 0x64, 0x09, 0x38, 0x77, 0x5a, 0x4c, 0x6c, 0x99, 0x5c, 0xc4, 
    0x8a, 0x5c, 0x44, 0xfd, 0xf9, 0x0a, 0x64, 0xdc, 0x44, 0x9f, 0x19, 0x62, 0x25, 0xc2, 0xd0, 0xfe, 
    0xb4, 0x9c, 0x3c, 0x30, 0x65, 0xff, 0x4b, 0x31, 0x04, 0x78, 0xbd, 0xde, 0xb8, 0x04, 0xbc, 0x1d, 
    0xba, 0x31, 0xd0, 0x72, 0x25, 0x3c, 0x06, 0x87, 0xd1, 0x9e, 0xe8, 0xe7, 0xf5, 0x14, 0x81, 0xf3, 
    0x1f, 0x83, 0xdb, 0x20, 0x46, 0xc7, 0xfc, 0x4b, 0xd6, 0x07, 0xa8, 0x0f, 0x81, 0x3e, 0xaa, 0x09, 
    0x9c, 0xfb, 0xdb, 0x72, 0x76, 0x0a, 0xcd, 0x89, 0xe6, 0x26, 0x27, 0xcf, 0x05, 0x80, 0x2c, 0x05, 
    0x4c, 0xbc, 0x35, 0x11, 0x97, 0xc0, 0x9f, 0xed, 0xe9, 0x06, 0xaf, 0x83, 0x1b, 0x29, 0x57, 0xc4, 
    0x64, 0xfe, 0x15, 0x25, 0x8e, 0x89, 0x7d, 0x47, 0xc2, 0x8f, 0xd7, 0xfc, 0xa8, 0xf7, 0x12, 0x38, 
    0xfe, 0x1e, 0xea, 0xed, 0x04, 0x8e, 0xa9, 0x6e, 0x23, 0x70, 0x4c, 0x75, 0x1f, 0xea, 0xc9, 0x34, 
    0xc9, 0xdf, 0xc0, 0x18, 0xe2, 0x97, 0xe1, 0x4d, 0x72, 0xf2, 0xf2, 0xd6, 0xcf, 0x5a, 0x42, 0x28, 
    0x1c, 0xb2, 0xa0, 0x5e, 0x43, 0x77, 0xc9, 0x80, 0x1b, 0xf8, 0xc1, 0x1e, 0x30, 0x0e, 0xae, 0xc4, 
    0x1f, 0x92, 0x52, 0x54, 0xe6, 0xc1, 0x47, 0xa0, 0x1f, 0xd7, 0x04, 0x2f, 0x78, 0x16, 0x94, 0x13, 
    0xf8, 0x9a, 0x4a, 0xfd, 0x9d, 0xa8, 0x5d, 0x2a, 0x76, 0x00, 0xe8, 0x1c, 0xa8, 0x12, 0xed, 0x00, 
    0x1d, 0x37, 0xe3, 0x5c, 0x3f, 0xf8, 0xb1, 0x88, 0x4f, 0xf0, 0xe3, 0x4f, 0xc1, 0x9b, 0x48, 0x74, 
    0x00, 0xf8, 0x81, 0x1b, 0x54, 0x61, 0x4c, 0x1b, 0xcd, 0x35, 0xe7, 0x0f, 0x50, 0x22, 0xa0, 0x30, 
    0x5a, 0x46, 0x70, 0x11, 0x6d, 0xe2, 0x31, 0x39, 0x01, 0x25, 0xcd, 0xd9, 0x44, 0xf0, 0x64, 0xca, 
    0x80, 0x35, 0x38, 0x18, 0xb4, 0xe2, 0x3b, 0xba, 0x82, 0x76, 0x6b, 0x08, 0x67, 0xad, 0x53, 0xad, 
    0x71, 0xcf, 0x81, 0x50, 0x08, 0x7c, 0x05, 0xb7, 0x12, 0xbc, 0x4f, 0x39, 0xad, 0x2a, 0xa7, 0x9f, 
    0x33, 0x20, 0xe1, 0x45, 0xd2, 0x6d, 0xa0, 0x0a, 0x94, 0x11, 0x79, 0x49, 0x5e, 0x14, 0x39, 0xb0, 
    0xa7, 0xd9, 0xa3, 0x8a, 0xc0, 0xaf, 0x46, 0x25, 0xa0, 0x85, 0x20, 0x19, 0x94, 0xb4, 0x84, 0x42, 
    0x89, 0x13, 0x2b, 0x1d, 0x8b, 0x4b, 0xb0, 0xe2, 0x39, 0x42, 0x85, 0x04, 0x48, 0x78, 0x09, 0xec, 
    0x1a, 0x15, 0x91, 0x78, 0xc2, 0xa3, 0x3c, 0x5f, 0x67, 0x11, 0x8f, 0xba, 0x62, 0xa2, 0x6a, 0x4d, 
    0x49, 0x3f, 0x53, 0xf5, 0x8c, 0xe2, 0xf1, 0x7a, 0x94, 0x40, 0x7b, 0x40, 0xc9, 0x36, 0x7e, 0xd7, 
    0x8e, 0x2e, 0x85, 0x24, 0x08, 0x90, 0x74, 0x31, 0x81, 0xc7, 0xe2, 0x8a, 0xf9, 0xed, 0xba, 0x55, 
    0x2d, 0x62, 0x57, 0x10, 0xe6, 0x50, 0x28, 0x24, 0x1e, 0x53, 0x33, 0x11, 0xb9, 0x7a, 0x66, 0x4f, 
    0xc4, 0x17, 0xd0, 0x18, 0x22, 0x7e, 0xe1, 0xff, 0xe7, 0x14, 0x4a, 0xa1, 0x14, 0x4a, 0xa1, 0x14, 
    0x4a, 0xa1, 0x64, 0x5c, 0xfe, 0x0f, 0x7a, 0x54, 0xe3, 0x2a, 0xc2, 0x59, 0x41, 0x5c, 0x00, 0x00, 
    0x00, 0x00, 0x49, 0x45, 0x4e, 0x44, 0xae, 0x42, 0x60, 0x82
};

// Source: https://raw.communitydragon.org/latest/game/assets/ux/minimap/icons/grub.png
constexpr std::uint8_t awareness_grub[] = {
    0x89, 0x50, 0x4e, 0x47, 0x0d, 0x0a, 0x1a, 0x0a, 0x00, 0x00, 0x00, 0x0d, 0x49, 0x48, 0x44, 0x52, 
    0x00, 0x00, 0x00, 0x40, 0x00, 0x00, 0x00, 0x40, 0x08, 0x06, 0x00, 0x00, 0x00, 0xaa, 0x69, 0x71, 
    0xde, 0x00, 0x00, 0x09, 0x6d, 0x49, 0x44, 0x41, 0x54, 0x78, 0xda, 0xed, 0x9b, 0x7f, 0x6c, 0x13, 
    0xe7, 0x19, 0xc7, 0xe3, 0xb3, 0xe3, 0x38, 0x76, 0x92, 0x9a, 0xa4, 0xc9, 0x4c, 0x19, 0x23, 0x40, 
    0x13, 0x88, 0x08, 0x94, 0x5f, 0x6b, 0xd6, 0xe2, 0x42, 0x9c, 0xd2, 0xba, 0xab, 0x93, 0x26, 0x35, 
    0x58, 0x84, 0x6c, 0xfc, 0x08, 0x1d, 0x15, 0x2c, 0x82, 0xb5, 0x72, 0x41, 0xa0, 0x8c, 0x28, 0xd2, 
    0x28, 0x53, 0x54, 0x94, 0xbf, 0xa2, 0x0c, 0x81, 0x37, 0xf2, 0x47, 0xaa, 0x4a, 0xdb, 0x2a, 0x55, 
    0x91, 0x22, 0x0d, 0xd4, 0x48, 0x68, 0x4c, 0x51, 0x27, 0xa6, 0xec, 0xbf, 0x8c, 0x09, 0x08, 0x8d, 
    0xc2, 0x14, 0xa9, 0x1a, 0xeb, 0xba, 0x69, 0x8a, 0xb6, 0x15, 0xae, 0xdf, 0xc7, 0x7d, 0x1f, 0x7a, 
    0x77, 0xef, 0xdd, 0x35, 0x39, 0xd7, 0x40, 0x90, 0xdf, 0xe8, 0xa3, 0xd7, 0x3e, 0xbf, 0x3f, 0x9e, 
    0xef, 0xf7, 0x9e, 0x7b, 0xef, 0x7c, 0xbe, 0xe4, 0xe5, 0x4a, 0xae, 0xe4, 0x4a, 0xae, 0xe4, 0xca, 
    0x03, 0x28, 0x3e, 0x8f, 0xcf, 0x65, 0xdc, 0x36, 0x33, 0x33, 0xe3, 0x7a, 0x64, 0x05, 0xb3, 0xb8, 
    0xe9, 0xe9, 0x69, 0x17, 0x89, 0x27, 0x52, 0xe7, 0x52, 0xae, 0xc1, 0xc1, 0x41, 0x17, 0x7d, 0xc6, 
    0xa8, 0xaa, 0xea, 0x7a, 0x64, 0x0d, 0x80, 0x58, 0x25, 0xde, 0x1c, 0x77, 0x43, 0x7c, 0x01, 0x08, 
    0x80, 0x62, 0x7c, 0x44, 0x04, 0x40, 0x01, 0x70, 0x83, 0x47, 0x37, 0x0b, 0x82, 0x45, 0xf8, 0x0b, 
    0x06, 0x1f, 0xf3, 0xfb, 0xfd, 0xc4, 0xba, 0xfc, 0xfc, 0xfc, 0x75, 0x3e, 0x9f, 0x6f, 0xbd, 0x20, 
    0x48, 0x4d, 0x38, 0x3b, 0x28, 0x13, 0xa8, 0x7e, 0x24, 0xd2, 0x9e, 0xc5, 0xe3, 0x6f, 0x21, 0x89, 
    0xc6, 0x5b, 0x62, 0x1b, 0xa1, 0x28, 0xca, 0x76, 0xd4, 0xdb, 0xb1, 0x7d, 0x3d, 0xea, 0xf5, 0x10, 
    0xfd, 0x04, 0x28, 0x66, 0x23, 0xe6, 0xb3, 0x70, 0x42, 0x21, 0xd9, 0x2c, 0x1e, 0x6c, 0x80, 0x50, 
    0x12, 0x7e, 0x04, 0x5c, 0x07, 0xaa, 0xe0, 0x3a, 0x8c, 0x38, 0x0a, 0xb6, 0x43, 0xf4, 0x06, 0xad, 
    0x09, 0x7c, 0x58, 0xcc, 0xbb, 0x63, 0x5d, 0x04, 0x5e, 0x28, 0x84, 0x57, 0x83, 0x7a, 0xd0, 0x86, 
    0x6d, 0x17, 0x81, 0x6a, 0xc1, 0x45, 0x88, 0x6e, 0x03, 0xf5, 0x60, 0x05, 0x19, 0x41, 0x63, 0x00, 
    0xf7, 0xf9, 0xd4, 0x79, 0x65, 0x5e, 0x18, 0xd0, 0xba, 0xbd, 0xd5, 0x5d, 0x5b, 0x5b, 0xeb, 0xce, 
    0xf3, 0xe4, 0x11, 0xcb, 0xb0, 0x69, 0x35, 0xf6, 0x7a, 0x0c, 0x7b, 0xf7, 0x20, 0x5e, 0x5f, 0x96, 
    0x45, 0xfb, 0xf4, 0xa0, 0x8d, 0x68, 0x1b, 0x43, 0xbf, 0xd5, 0x58, 0x2b, 0x68, 0x0c, 0x8f, 0x86, 
    0x87, 0xaa, 0xb8, 0x45, 0x4d, 0xa1, 0xf9, 0x09, 0x16, 0x2e, 0x88, 0x40, 0x4c, 0x0c, 0xfc, 0x1c, 
    0x2d, 0x26, 0x81, 0x3a, 0x0b, 0x03, 0x88, 0x49, 0xea, 0x03, 0xc8, 0x84, 0x7a, 0xb0, 0x8c, 0x8c, 
    0xc0, 0x02, 0xea, 0x41, 0x56, 0xf8, 0x19, 0x71, 0x3d, 0xe1, 0xbe, 0xef, 0xaa, 0x91, 0x8e, 0x34, 
    0x29, 0x51, 0x20, 0x44, 0x97, 0x83, 0x4a, 0x82, 0x85, 0x0b, 0xda, 0xd1, 0xe6, 0x5d, 0xab, 0x94, 
    0x3f, 0xf0, 0xbd, 0x63, 0x6a, 0x62, 0x4d, 0x9b, 0x99, 0x01, 0xcc, 0x65, 0x88, 0xdf, 0x0d, 0xea, 
    0xd9, 0x08, 0x08, 0xae, 0x14, 0x94, 0x0b, 0x23, 0xbc, 0x89, 0x6d, 0x09, 0x6f, 0xd6, 0x45, 0xd3, 
    0x69, 0x89, 0x68, 0x7e, 0xa5, 0x39, 0x2d, 0x1c, 0x94, 0x80, 0x85, 0x42, 0xf4, 0x77, 0x41, 0x3d, 
    0x88, 0x81, 0x76, 0x41, 0x37, 0xb8, 0x69, 0x26, 0x7c, 0xe3, 0xb7, 0xc3, 0x6a, 0x2a, 0x31, 0x9c, 
    0xe6, 0xd7, 0x3f, 0xfc, 0x2d, 0x61, 0x66, 0x00, 0x73, 0x15, 0x9c, 0x00, 0xbb, 0x09, 0x08, 0x6e, 
    0x04, 0x11, 0xf0, 0x34, 0x58, 0x05, 0x42, 0xa0, 0x58, 0x18, 0x41, 0xb1, 0x65, 0x6f, 0xad, 0x88, 
    0x46, 0xa3, 0xde, 0x50, 0x28, 0x44, 0xa9, 0x47, 0xac, 0x16, 0x34, 0x21, 0x55, 0x5f, 0x07, 0x43, 
    0x78, 0xfd, 0x27, 0xf0, 0x37, 0xf0, 0x4f, 0x30, 0x63, 0x26, 0x7e, 0xd7, 0xa6, 0xfd, 0xea, 0xe8, 
    0xf1, 0x89, 0x7b, 0x0c, 0xfd, 0x78, 0x54, 0x1d, 0x3b, 0x31, 0x9d, 0xa6, 0xf3, 0x85, 0x93, 0xa2, 
    0x9d, 0xc4, 0xff, 0xc4, 0x98, 0x37, 0xc0, 0x15, 0xcc, 0x75, 0x06, 0xf5, 0x7e, 0xd4, 0x8d, 0x1c, 
    0x07, 0x0e, 0x91, 0x00, 0xea, 0x40, 0x3c, 0x1e, 0xf7, 0x66, 0x4d, 0x3c, 0xaa, 0x22, 0xe0, 0xc7, 
    0x45, 0x0b, 0x4d, 0xda, 0x02, 0x92, 0x60, 0x08, 0xa8, 0xb3, 0xe1, 0x64, 0x4b, 0x1f, 0x0b, 0x67, 
    0x58, 0x3c, 0x83, 0x36, 0xbd, 0x52, 0x3f, 0x1b, 0xae, 0x80, 0x24, 0x0e, 0x8d, 0x16, 0xc0, 0x26, 
    0x14, 0x65, 0xcb, 0x84, 0x22, 0xb0, 0x50, 0x23, 0xbe, 0x7f, 0xb6, 0x81, 0x36, 0xac, 0x7c, 0x59, 
    0x2f, 0x5c, 0xce, 0x00, 0x06, 0xdb, 0xc6, 0x09, 0xf4, 0x89, 0xce, 0xc5, 0x88, 0x7e, 0x32, 0x41, 
    0x64, 0xc3, 0xc2, 0x6c, 0x98, 0xe0, 0x05, 0x65, 0x80, 0xc5, 0x5f, 0x70, 0xb0, 0xd7, 0xe7, 0x64, 
    0x00, 0x98, 0x6b, 0x36, 0x5c, 0x00, 0x6c, 0x42, 0x19, 0xc8, 0xdc, 0x80, 0xe9, 0xa9, 0x69, 0x57, 
    0x43, 0xb8, 0xc1, 0x53, 0x51, 0x51, 0xe1, 0xc1, 0x82, 0xb6, 0x02, 0xc4, 0xb0, 0x79, 0xc0, 0x52, 
    0x6c, 0xac, 0x4f, 0x3d, 0x9d, 0x48, 0x41, 0xd4, 0x47, 0xea, 0xf9, 0x3d, 0x43, 0x69, 0xae, 0x1c, 
    0xbf, 0xa5, 0x63, 0xf4, 0xc8, 0x84, 0x1d, 0x52, 0xfb, 0xc1, 0x7d, 0xbf, 0xbb, 0x47, 0xdf, 0xce, 
    0x77, 0xd5, 0x53, 0x2d, 0xfd, 0x2a, 0xb2, 0x90, 0x31, 0xc6, 0x30, 0x00, 0x62, 0x60, 0x05, 0xf0, 
    0x3c, 0x13, 0x7e, 0xc6, 0x33, 0xf3, 0xff, 0x0c, 0xbe, 0x62, 0x9f, 0xfd, 0xc5, 0x59, 0x85, 0xc5, 
    0x0b, 0x7e, 0x82, 0xcd, 0x9f, 0x99, 0x09, 0x1f, 0x7d, 0x73, 0x02, 0xc8, 0x82, 0x3e, 0x3a, 0x32, 
    0xa9, 0x65, 0x36, 0x06, 0xcc, 0xaa, 0x7d, 0xb4, 0xb6, 0x59, 0x32, 0x40, 0xc4, 0x46, 0x31, 0xae, 
    0x20, 0xaa, 0x57, 0x56, 0x67, 0x66, 0x40, 0x53, 0xac, 0xc9, 0xad, 0xdd, 0xfb, 0xe0, 0x9a, 0x95, 
    0x78, 0xe7, 0x06, 0x38, 0x6f, 0x8f, 0x6c, 0x30, 0xcb, 0xc4, 0x6b, 0x9c, 0x05, 0x65, 0x8f, 0x97, 
    0x79, 0x32, 0xf9, 0x2e, 0xe1, 0x82, 0x01, 0x5e, 0xed, 0xde, 0x07, 0xba, 0xc9, 0x0e, 0xd7, 0x77, 
    0x91, 0x68, 0x3b, 0x03, 0x6c, 0x3f, 0x6f, 0x5d, 0xb7, 0x97, 0x98, 0x45, 0x7b, 0x6b, 0x0e, 0x6f, 
    0xee, 0x32, 0x33, 0x81, 0xb3, 0xc0, 0x13, 0xdf, 0x16, 0xcf, 0x77, 0x7a, 0xe1, 0xa3, 0x40, 0x70, 
    0x21, 0xd2, 0x6c, 0x09, 0x56, 0xd8, 0x2d, 0x74, 0x01, 0x68, 0x9c, 0x68, 0x78, 0xe7, 0x98, 0x3a, 
    0x7a, 0x68, 0x42, 0x83, 0x3e, 0xf8, 0xcb, 0x87, 0xae, 0xa9, 0x97, 0x3b, 0xfe, 0xaa, 0x63, 0xe4, 
    0xe0, 0x78, 0x9a, 0xae, 0x17, 0xc5, 0x02, 0x07, 0xba, 0x5e, 0xea, 0x55, 0x47, 0x0e, 0x8d, 0xa7, 
    0xf9, 0x7d, 0xc7, 0x35, 0x1d, 0x18, 0xc7, 0x16, 0x8a, 0x21, 0xbc, 0x78, 0xab, 0xd1, 0x80, 0x5f, 
    0x81, 0xcd, 0x88, 0xfd, 0x3b, 0xb8, 0x40, 0x2a, 0x9c, 0x98, 0x9a, 0x50, 0x9c, 0x1a, 0x40, 0xa7, 
    0xbe, 0x25, 0x8a, 0xa2, 0xec, 0x41, 0xad, 0xbb, 0xaa, 0x3b, 0xb6, 0xa9, 0x27, 0x3d, 0xf9, 0xa5, 
    0x83, 0x57, 0x35, 0x06, 0x08, 0xd1, 0x8c, 0x6c, 0x80, 0x24, 0x5e, 0x6f, 0x82, 0x6c, 0x80, 0x3c, 
    0x9e, 0x1e, 0xc4, 0x40, 0xb1, 0x18, 0xc7, 0x9b, 0x40, 0xcc, 0xbb, 0x85, 0x01, 0x01, 0x30, 0x77, 
    0x03, 0x12, 0x3b, 0x12, 0x64, 0x40, 0x09, 0x19, 0x00, 0xec, 0x0c, 0xb0, 0x43, 0x32, 0x40, 0x27, 
    0x5e, 0x36, 0x41, 0x32, 0x40, 0x1a, 0x4f, 0x23, 0xfe, 0xd2, 0xeb, 0x57, 0x6d, 0x0d, 0x40, 0xe6, 
    0x92, 0x01, 0xc1, 0xfe, 0x33, 0xfd, 0x8e, 0x0d, 0x58, 0x80, 0x41, 0xd8, 0x00, 0xd5, 0xcc, 0x80, 
    0xe1, 0x76, 0x6b, 0x13, 0x46, 0xf6, 0x8f, 0xeb, 0xc4, 0xbf, 0xbf, 0x73, 0x84, 0xfa, 0xda, 0x92, 
    0x7a, 0x75, 0xd8, 0xd4, 0x00, 0x1e, 0x8f, 0x44, 0x33, 0x23, 0xed, 0xe3, 0x66, 0x06, 0x30, 0x64, 
    0xc0, 0x66, 0xc7, 0x06, 0x40, 0x3c, 0x1b, 0xb0, 0x1c, 0x6e, 0xb6, 0x1b, 0x27, 0xe8, 0xac, 0xed, 
    0x4b, 0x33, 0xbc, 0x6b, 0x4c, 0x07, 0x82, 0xd4, 0xa2, 0xfb, 0x0c, 0xc1, 0x7c, 0xad, 0x01, 0x68, 
    0x33, 0xeb, 0xf1, 0x00, 0xc7, 0x61, 0x36, 0xd6, 0x3e, 0xf0, 0x24, 0x08, 0x02, 0x4b, 0x03, 0x14, 
    0x9b, 0xaf, 0xbc, 0x54, 0xdd, 0x01, 0x79, 0x77, 0xef, 0xde, 0x95, 0x3e, 0xff, 0xcb, 0x67, 0x63, 
    0xe9, 0xfa, 0x93, 0xdb, 0x9f, 0xe8, 0xb6, 0xdf, 0xf9, 0xfc, 0x8e, 0x0e, 0x2e, 0xdb, 0xde, 0x7b, 
    0xd6, 0xf4, 0x5a, 0x2b, 0xcf, 0x05, 0xb8, 0xc8, 0x6d, 0x75, 0xe3, 0x70, 0xcd, 0xe5, 0xef, 0x98, 
    0x9b, 0x63, 0x91, 0x84, 0x29, 0x5f, 0x49, 0xeb, 0x3c, 0xd1, 0x99, 0x37, 0x67, 0x03, 0x3e, 0x18, 
    0xfa, 0x20, 0xad, 0xdd, 0xed, 0x76, 0x53, 0x3d, 0x09, 0x3e, 0x06, 0x52, 0x81, 0x01, 0x46, 0x13, 
    0xa4, 0x60, 0x4f, 0xff, 0xe1, 0xa7, 0x66, 0x5d, 0x3f, 0x05, 0x37, 0x05, 0x78, 0xcd, 0x45, 0xea, 
    0x23, 0x19, 0xc1, 0xe2, 0x6f, 0x03, 0x8b, 0x42, 0xb1, 0x4e, 0x62, 0x11, 0xe4, 0x9d, 0x38, 0x77, 
    0x03, 0x06, 0x7e, 0x39, 0x60, 0xdc, 0x34, 0xa9, 0xcf, 0x80, 0x3f, 0xb3, 0x01, 0x8c, 0xe5, 0x1e, 
    0x7b, 0x2b, 0x7c, 0xd2, 0x6c, 0x8a, 0x05, 0xd8, 0xfb, 0x41, 0xd4, 0x21, 0x7a, 0x0d, 0xb8, 0x70, 
    0x1f, 0x1e, 0xc3, 0x52, 0x3c, 0xe0, 0x58, 0xa4, 0x58, 0x39, 0x6b, 0x6b, 0x6a, 0x6a, 0xee, 0xbe, 
    0xfd, 0xb3, 0xb7, 0x9d, 0xdd, 0x00, 0x81, 0x83, 0x01, 0xb0, 0x0c, 0xe9, 0x14, 0x31, 0xfb, 0x0e, 
    0xd0, 0x58, 0xde, 0xaa, 0x1e, 0xad, 0x7a, 0x27, 0x4d, 0xcf, 0x86, 0x41, 0x35, 0x15, 0x19, 0x51, 
    0xdf, 0x4f, 0x8c, 0x19, 0x18, 0x65, 0xcc, 0xd6, 0x80, 0x7f, 0x11, 0xfa, 0x35, 0x20, 0xa8, 0xed, 
    0x23, 0x8d, 0x47, 0x73, 0xd0, 0x5c, 0x3c, 0x6f, 0x14, 0x31, 0x18, 0xe3, 0x42, 0xbc, 0xdd, 0x20, 
    0x42, 0xb1, 0xd3, 0x69, 0xd0, 0xd1, 0xed, 0x75, 0x74, 0xbe, 0x67, 0x00, 0xde, 0x46, 0x40, 0x37, 
    0x50, 0x8d, 0xbc, 0x16, 0x4a, 0xea, 0x4d, 0x78, 0xf1, 0xa2, 0xa5, 0x01, 0x47, 0x9f, 0x3d, 0x65, 
    0xec, 0xff, 0x5f, 0x81, 0x2a, 0x40, 0x9b, 0x1e, 0x4b, 0x03, 0x30, 0xb6, 0x4e, 0x3c, 0xe6, 0xe6, 
    0x7e, 0xb6, 0x06, 0x4c, 0x7f, 0x3a, 0xed, 0x72, 0x9a, 0x01, 0xc5, 0x78, 0xc9, 0x19, 0x70, 0xd3, 
    0xce, 0x00, 0xe6, 0x9d, 0xba, 0xf7, 0x28, 0x50, 0x36, 0x42, 0x27, 0x1e, 0xc1, 0xd8, 0x19, 0xc0, 
    0x19, 0xa0, 0x33, 0x81, 0x85, 0x03, 0x1a, 0x9b, 0xe7, 0xb1, 0x35, 0x00, 0xdc, 0xd4, 0x18, 0x50, 
    0x9c, 0x1a, 0x48, 0xcd, 0xdd, 0x80, 0xb6, 0xb6, 0xb6, 0xb4, 0x01, 0x38, 0x0d, 0xb2, 0x01, 0xaa, 
    0x96, 0x6a, 0x7f, 0xad, 0x9a, 0xac, 0x3c, 0x49, 0x81, 0xe8, 0xe8, 0x5c, 0xd9, 0x47, 0xb0, 0x11, 
    0x69, 0x11, 0x5b, 0x96, 0x44, 0x49, 0xbc, 0x99, 0x01, 0xff, 0x06, 0xff, 0x31, 0x1a, 0x00, 0xd0, 
    0xa7, 0x91, 0xfa, 0xb2, 0x70, 0x1e, 0x57, 0x9a, 0xaf, 0x03, 0x31, 0x2c, 0x47, 0x2c, 0x26, 0x59, 
    0xd0, 0xce, 0x06, 0x00, 0x97, 0x93, 0xeb, 0x00, 0x17, 0x28, 0xc6, 0x20, 0x4f, 0xe1, 0x5d, 0x5c, 
    0xba, 0xb1, 0x59, 0xb2, 0x45, 0x3d, 0xb0, 0xb8, 0x4b, 0x7d, 0xa3, 0xf2, 0x94, 0x8e, 0xe4, 0x93, 
    0xa7, 0x75, 0x2c, 0xf2, 0x2f, 0xa5, 0xf6, 0x8e, 0x28, 0xf3, 0x56, 0x60, 0x8c, 0x1e, 0x1d, 0x6f, 
    0x2c, 0x3d, 0xa5, 0x03, 0x31, 0x50, 0x2c, 0x66, 0xfd, 0xe3, 0x60, 0xed, 0xf2, 0xaa, 0xe5, 0xc5, 
    0x1d, 0x6f, 0x76, 0x38, 0x3b, 0x04, 0x60, 0x40, 0x80, 0x0c, 0x40, 0x16, 0xc4, 0xf9, 0xa7, 0x2c, 
    0x03, 0x96, 0x06, 0x34, 0x87, 0xf6, 0xaa, 0x3e, 0xbe, 0xcb, 0x9b, 0x01, 0x41, 0x64, 0x43, 0xe4, 
    0xf1, 0x46, 0x2b, 0x03, 0xac, 0xfa, 0x5d, 0xa7, 0x98, 0x11, 0x3b, 0x19, 0x10, 0xc0, 0x7b, 0xc7, 
    0x19, 0x50, 0x80, 0x57, 0x74, 0x18, 0x3c, 0x85, 0x94, 0x7a, 0xcb, 0x6c, 0x32, 0x12, 0x19, 0x0e, 
    0x46, 0x25, 0x03, 0x56, 0x15, 0x6d, 0xfc, 0xc6, 0x0c, 0x00, 0x92, 0x01, 0xe1, 0xd2, 0xa8, 0xdd, 
    0x95, 0xe5, 0x11, 0xb0, 0x16, 0x94, 0xc0, 0x80, 0x02, 0x36, 0xc0, 0x89, 0x09, 0x6e, 0x32, 0x40, 
    0x64, 0x01, 0x9b, 0xf0, 0x0f, 0xa3, 0x01, 0x40, 0x32, 0x80, 0x4d, 0xb0, 0x13, 0x57, 0x9c, 0x1f, 
    0x24, 0xec, 0xda, 0xf0, 0xde, 0x97, 0x0c, 0xb0, 0x58, 0x53, 0x6e, 0x93, 0x78, 0xc4, 0xba, 0x16, 
    0x31, 0xa7, 0x0d, 0x88, 0xc6, 0xa2, 0xd0, 0xe0, 0xac, 0xb8, 0xe8, 0x07, 0x49, 0x0c, 0x54, 0x08, 
    0x4a, 0x41, 0x15, 0x88, 0xc0, 0x84, 0x56, 0x7c, 0xf6, 0xa1, 0x74, 0x4d, 0x10, 0xda, 0xf5, 0xa5, 
    0xf0, 0xa5, 0x3d, 0x3a, 0xb0, 0x48, 0x59, 0x8a, 0xc3, 0x22, 0x0a, 0x4e, 0x63, 0x41, 0x5d, 0x23, 
    0x19, 0x4a, 0x34, 0x97, 0xef, 0x95, 0xc6, 0xc3, 0x31, 0x4f, 0x98, 0x8d, 0xf7, 0x21, 0x62, 0x3b, 
    0xee, 0x2b, 0xf2, 0x45, 0x40, 0x15, 0x28, 0x05, 0x85, 0xdf, 0xc8, 0x8f, 0xaa, 0x5a, 0x13, 0xf0, 
    0xb6, 0x8e, 0x26, 0x42, 0x7d, 0x43, 0x77, 0x56, 0x28, 0x5a, 0x63, 0x65, 0x00, 0xaf, 0xd4, 0x92, 
    0x78, 0x36, 0xa0, 0xb1, 0x7c, 0x97, 0xce, 0x80, 0x55, 0xfe, 0x8d, 0xb4, 0x1d, 0x48, 0xe3, 0x59, 
    0x2d, 0x7a, 0x37, 0x44, 0x4c, 0x75, 0x5a, 0xf1, 0x36, 0x92, 0x9c, 0x9b, 0x80, 0xf4, 0xaa, 0x13, 
    0x59, 0x70, 0xce, 0x34, 0x0b, 0x64, 0x03, 0x18, 0xbe, 0x6a, 0xe3, 0x53, 0x28, 0x1b, 0xa0, 0xcd, 
    0x02, 0x16, 0x6f, 0x67, 0x80, 0xd9, 0x29, 0xef, 0x1c, 0x68, 0xa5, 0xd8, 0xb2, 0x20, 0x5e, 0x6f, 
    0x02, 0xaa, 0x0a, 0x36, 0xc1, 0x24, 0x0b, 0x2c, 0x0d, 0x60, 0x70, 0xf9, 0x4c, 0xc2, 0x25, 0x03, 
    0x38, 0x13, 0x50, 0xdb, 0x19, 0x20, 0x89, 0x17, 0x31, 0xa4, 0xc5, 0x23, 0xbe, 0x0a, 0x16, 0x9f, 
    0xad, 0xa2, 0x88, 0x5f, 0x65, 0x6b, 0xc0, 0x73, 0xa0, 0xd7, 0x18, 0x50, 0x5d, 0x70, 0xab, 0x7a, 
    0xb8, 0xb2, 0x87, 0x41, 0xd0, 0x19, 0xa1, 0x1b, 0x0b, 0x63, 0x9b, 0x19, 0x70, 0x1e, 0x6c, 0x05, 
    0xdf, 0xc2, 0x17, 0x1f, 0x57, 0x22, 0x91, 0x70, 0x67, 0xd3, 0x00, 0x7e, 0xc4, 0x8d, 0x4d, 0x78, 
    0x15, 0xdb, 0xfe, 0x68, 0x63, 0x42, 0xe6, 0x06, 0xd8, 0x8b, 0xa7, 0xb9, 0x7f, 0x00, 0xd6, 0xb0, 
    0x01, 0x59, 0x7f, 0xcc, 0xae, 0x6d, 0x47, 0x9b, 0xd6, 0x84, 0xe7, 0xe8, 0xde, 0x1b, 0x36, 0xdf, 
    0x32, 0x33, 0x21, 0x73, 0x03, 0x6c, 0xc5, 0xdf, 0xc2, 0xdc, 0xc7, 0xb4, 0xe2, 0x71, 0xe3, 0xc3, 
    0x75, 0x3f, 0x9e, 0x13, 0xd0, 0x65, 0x01, 0xa5, 0x9f, 0x58, 0x81, 0x55, 0x33, 0x13, 0xf6, 0x3d, 
    0x71, 0xd4, 0xb1, 0x78, 0xf4, 0x65, 0xf1, 0x12, 0x24, 0x1e, 0xc7, 0xfd, 0xf3, 0x5a, 0x03, 0xee, 
    0xeb, 0xc3, 0x54, 0x10, 0xef, 0x03, 0x65, 0x08, 0x82, 0x4e, 0x8d, 0x2f, 0x81, 0x5e, 0xab, 0x67, 
    0x02, 0xe8, 0x14, 0xc8, 0x8b, 0x60, 0xd2, 0xc0, 0x61, 0x3d, 0x68, 0xd3, 0x49, 0xe0, 0x8c, 0x11, 
    0xb7, 0xba, 0x67, 0x38, 0x03, 0x7a, 0xc1, 0xf7, 0x41, 0x35, 0x28, 0x05, 0x05, 0x66, 0xb7, 0xbe, 
    0xb3, 0x7d, 0x28, 0x28, 0x64, 0x82, 0xdf, 0xef, 0x27, 0x03, 0xaa, 0x60, 0x04, 0x9b, 0x30, 0x05, 
    0x54, 0x2b, 0x23, 0x70, 0x16, 0x20, 0x4c, 0x0d, 0xa8, 0x0b, 0x36, 0xa0, 0x4d, 0x0d, 0xb5, 0xb5, 
    0x62, 0xca, 0x20, 0x9e, 0xf0, 0x53, 0x2c, 0xc8, 0x4c, 0x36, 0xe0, 0xfe, 0x9a, 0x80, 0xca, 0x0d, 
    0x13, 0xc8, 0x00, 0x36, 0x21, 0x29, 0x9b, 0x90, 0x39, 0x8a, 0x4b, 0x99, 0x02, 0x49, 0x83, 0x78, 
    0xfa, 0xcb, 0x7f, 0x18, 0x9e, 0x14, 0x63, 0xaa, 0x40, 0x18, 0xc7, 0xe7, 0x0e, 0xd4, 0xbf, 0x91, 
    0x8c, 0x70, 0x2e, 0x9e, 0xc6, 0xda, 0x01, 0xc2, 0x2c, 0x7c, 0x51, 0x68, 0x91, 0xa7, 0x21, 0xd2, 
    0xe0, 0xe1, 0x3d, 0xff, 0xa0, 0x8b, 0x02, 0x0a, 0xc0, 0x02, 0x5c, 0x88, 0x2c, 0x02, 0x4f, 0x83, 
    0xe7, 0xc1, 0x1e, 0xf1, 0x24, 0xc9, 0x75, 0x07, 0xc2, 0xa9, 0xcf, 0x05, 0x7c, 0x21, 0x3b, 0x00, 
    0x5e, 0x06, 0xb5, 0x60, 0x31, 0x08, 0x02, 0x6f, 0xd3, 0x2b, 0x4d, 0x0a, 0x9e, 0x5f, 0x60, 0xf1, 
    0x0f, 0xb6, 0x50, 0x20, 0xf4, 0x2c, 0x01, 0x7e, 0x4d, 0xf6, 0x40, 0x74, 0xb1, 0x30, 0x61, 0x25, 
    0x19, 0x81, 0x8f, 0x5b, 0x04, 0x49, 0x12, 0x04, 0x3e, 0x16, 0x48, 0xb7, 0xb1, 0xc0, 0x25, 0xd1, 
    0x26, 0xc9, 0xfd, 0x20, 0x76, 0x13, 0x09, 0x17, 0x94, 0x40, 0xb8, 0xf7, 0xec, 0x99, 0xb3, 0x0f, 
    0x83, 0x70, 0xfb, 0xdb, 0xec, 0x6c, 0x84, 0x78, 0xa6, 0x88, 0x69, 0xc1, 0xe1, 0xf1, 0x02, 0xf8, 
    0x11, 0x83, 0x6d, 0xaf, 0x69, 0xd8, 0xca, 0x8f, 0xb9, 0x50, 0x3f, 0x82, 0x85, 0xa7, 0xe1, 0x5f, 
    0xac, 0xe6, 0x53, 0x09, 0x85, 0x42, 0x01, 0x54, 0x01, 0x88, 0x21, 0x48, 0x54, 0x35, 0x16, 0x4b, 
    0x2d, 0x7c, 0x16, 0xa9, 0xc2, 0x67, 0x04, 0xb5, 0x09, 0x04, 0x83, 0xc1, 0x80, 0xe8, 0x3b, 0x7f, 
    0x8b, 0xb8, 0x2c, 0x55, 0xc4, 0xf5, 0xb9, 0x17, 0x14, 0xfa, 0x70, 0x90, 0x80, 0xc7, 0x40, 0x29, 
    0x01, 0xa1, 0x0b, 0x04, 0x25, 0x10, 0x5c, 0x44, 0xcf, 0x24, 0x80, 0x02, 0xfc, 0x38, 0xeb, 0x16, 
    0xfd, 0xc1, 0x3c, 0x37, 0xc1, 0xf0, 0x5d, 0x42, 0xe9, 0xee, 0xee, 0x4e, 0x23, 0x2e, 0x5e, 0x74, 
    0x70, 0x7b, 0xaa, 0x89, 0xdc, 0x7f, 0x57, 0xe5, 0x4a, 0xae, 0xe4, 0x4a, 0xae, 0xe4, 0x4a, 0xf6, 
    0xca, 0x17, 0x54, 0x3a, 0xa1, 0x35, 0x2d, 0x42, 0x80, 0x69, 0x00, 0x00, 0x00, 0x00, 0x49, 0x45, 
    0x4e, 0x44, 0xae, 0x42, 0x60, 0x82
};

// Source: https://raw.communitydragon.org/latest/game/assets/ux/minimap/icons/minimap_ward_green_enemy_new.png
constexpr std::uint8_t awareness_ward_enemy[] = {
    0x89, 0x50, 0x4e, 0x47, 0x0d, 0x0a, 0x1a, 0x0a, 0x00, 0x00, 0x00, 0x0d, 0x49, 0x48, 0x44, 0x52, 
    0x00, 0x00, 0x00, 0x20, 0x00, 0x00, 0x00, 0x20, 0x08, 0x06, 0x00, 0x00, 0x00, 0x73, 0x7a, 0x7a, 
    0xf4, 0x00, 0x00, 0x03, 0x19, 0x49, 0x44, 0x41, 0x54, 0x78, 0xda, 0xed, 0xd7, 0xcf, 0x4b, 0x14, 
    0x61, 0x1c, 0xc7, 0xf1, 0x75, 0x77, 0x76, 0x76, 0xdd, 0x1f, 0xad, 0xac, 0x9b, 0xad, 0xbb, 0x0a, 
    0xba, 0x9a, 0x69, 0x2a, 0x5d, 0x4a, 0xd3, 0x44, 0x51, 0xec, 0xa0, 0x60, 0x91, 0x24, 0xd8, 0x82, 
    0x37, 0x0d, 0xa2, 0xff, 0xa1, 0x82, 0x3a, 0x86, 0x20, 0x48, 0x60, 0x45, 0x78, 0xf0, 0x10, 0x51, 
    0x04, 0x1e, 0x3a, 0x08, 0x11, 0x5e, 0xbc, 0x04, 0x12, 0x05, 0x5d, 0x14, 0xb7, 0x02, 0x93, 0x7e, 
    0xaa, 0xa4, 0x06, 0xb2, 0xf1, 0xf4, 0xf9, 0xca, 0x67, 0xe2, 0x61, 0x2e, 0x33, 0x2c, 0x7b, 0x09, 
    0x1c, 0x78, 0x31, 0xcb, 0xce, 0xe8, 0xf7, 0xfd, 0x3c, 0xb3, 0xb0, 0xea, 0x39, 0x3c, 0xfe, 0x97, 
    0xc3, 0x0b, 0x3e, 0x30, 0xc0, 0x84, 0x00, 0x95, 0x52, 0x80, 0x4c, 0x30, 0x78, 0xaf, 0xb7, 0x58, 
    0xc3, 0x4b, 0xc0, 0xa4, 0x30, 0x44, 0x1c, 0x84, 0xc0, 0x0f, 0x25, 0xa2, 0x18, 0x2b, 0x2f, 0xd1, 
    0x86, 0x97, 0xb9, 0x08, 0x88, 0x15, 0x1c, 0xc1, 0x9b, 0xbd, 0xe4, 0x23, 0x7d, 0x78, 0x0a, 0x5a, 
    0x38, 0x68, 0x08, 0x26, 0x61, 0x0a, 0x5a, 0x21, 0xc2, 0x73, 0xa5, 0x2d, 0x82, 0x8f, 0x03, 0x9c, 
    0x62, 0xb4, 0xe7, 0xe7, 0xb7, 0x9e, 0x31, 0x07, 0x1f, 0xe5, 0xf0, 0xe3, 0x0c, 0x18, 0x82, 0x37, 
    0x41, 0x8f, 0x67, 0x1b, 0x76, 0xf1, 0x7a, 0x1e, 0x2e, 0x30, 0xa0, 0x8e, 0x11, 0x09, 0x46, 0x04, 
    0x81, 0x9f, 0x0d, 0x70, 0x38, 0x4c, 0xd2, 0x25, 0xa9, 0x59, 0xe0, 0xc5, 0x55, 0x78, 0x07, 0x5f, 
    0xe6, 0xcf, 0x75, 0xa9, 0xc9, 0x64, 0x5a, 0xe1, 0x7d, 0xf1, 0x1a, 0x06, 0xe0, 0x24, 0x55, 0x90, 
    0xa9, 0x2b, 0x24, 0xa0, 0x99, 0xba, 0x61, 0x42, 0x06, 0x0b, 0x75, 0x25, 0xab, 0xc4, 0xfb, 0xfa, 
    0x26, 0x2b, 0x62, 0x9d, 0x11, 0x97, 0xa1, 0x47, 0x22, 0x0a, 0x09, 0x08, 0xf1, 0xa6, 0x13, 0x30, 
    0xc0, 0xb3, 0x1e, 0x30, 0x8b, 0xe1, 0xca, 0x1a, 0x8e, 0x1d, 0x90, 0x00, 0x3d, 0x42, 0xdc, 0xb0, 
    0x02, 0x88, 0xbf, 0xc7, 0x5d, 0x40, 0x8c, 0x37, 0x5d, 0x87, 0x5f, 0xf0, 0x1c, 0xee, 0xc2, 0x04, 
    0xcd, 0x5a, 0x5b, 0x4f, 0xf6, 0x80, 0x75, 0x06, 0x5c, 0xe3, 0xf9, 0x31, 0x6c, 0xc3, 0x33, 0xb7, 
    0x01, 0x71, 0x38, 0x06, 0x0b, 0xfd, 0xf1, 0xf2, 0xbc, 0x28, 0x33, 0x3c, 0x7b, 0xb0, 0x02, 0x6f, 
    0x61, 0x11, 0xd7, 0xd6, 0x86, 0x13, 0x15, 0xdf, 0x7f, 0x77, 0xf5, 0xa9, 0x03, 0x97, 0x86, 0xd5, 
    0x93, 0xf6, 0xb6, 0x7d, 0x5c, 0xfb, 0x0c, 0xab, 0x41, 0xc3, 0xb3, 0x04, 0xcb, 0xf0, 0x13, 0xf6, 
    0x46, 0xe3, 0x65, 0x7f, 0xf0, 0x33, 0x2b, 0x30, 0x02, 0xe5, 0x6e, 0x03, 0x66, 0x20, 0xbf, 0x7c, 
    0xb6, 0x23, 0xbf, 0x39, 0x92, 0x55, 0x73, 0x9d, 0x5d, 0x07, 0x24, 0x46, 0x02, 0xe0, 0xd3, 0x5c, 
    0x63, 0xcb, 0x2e, 0x03, 0xe4, 0xfd, 0x6f, 0xf0, 0x51, 0x22, 0xb2, 0xd5, 0xe9, 0xbd, 0xa7, 0xed, 
    0x6d, 0xca, 0x72, 0xa7, 0x2a, 0x59, 0x50, 0xc0, 0x28, 0xac, 0xc8, 0x0e, 0x48, 0x80, 0x0e, 0x83, 
    0xf7, 0x65, 0x07, 0x70, 0x7d, 0x43, 0x5e, 0x8f, 0x55, 0xa7, 0xb7, 0x64, 0xb0, 0x9c, 0x11, 0xb3, 
    0xaf, 0x10, 0x44, 0x12, 0x20, 0xc1, 0x12, 0xb0, 0x00, 0xa7, 0xdd, 0x04, 0xc4, 0x18, 0x60, 0x45, 
    0xc8, 0xd6, 0xff, 0x90, 0xd5, 0x5b, 0x01, 0xd6, 0xd6, 0x23, 0x62, 0x4b, 0x22, 0x64, 0xb8, 0x3c, 
    0x02, 0xd9, 0x09, 0xa1, 0x48, 0x76, 0x42, 0x1e, 0x81, 0x3e, 0xdc, 0x4d, 0x40, 0x14, 0x12, 0x50, 
    0x43, 0x63, 0xf0, 0x01, 0xd4, 0x34, 0x3e, 0x64, 0x6b, 0xf8, 0xb0, 0xe9, 0x2e, 0x46, 0xa2, 0x3b, 
    0xd3, 0x29, 0xbc, 0xdf, 0xd8, 0xf4, 0xcf, 0x52, 0x55, 0x6d, 0xbe, 0xaf, 0x34, 0x9c, 0xc7, 0xcf, 
    0x88, 0x55, 0xe8, 0x84, 0x3a, 0xa8, 0x82, 0x84, 0x53, 0x40, 0x29, 0x24, 0xb4, 0x88, 0x16, 0x18, 
    0x87, 0x45, 0x09, 0x19, 0x8c, 0x44, 0xd5, 0xbd, 0x64, 0x7a, 0x47, 0x8f, 0xd0, 0x87, 0x4b, 0x8c, 
    0x36, 0xf8, 0x11, 0xf4, 0x42, 0xb3, 0x36, 0x3c, 0xea, 0x14, 0x10, 0x80, 0xa0, 0x2d, 0xa0, 0x01, 
    0xce, 0xc3, 0x6d, 0x58, 0xc4, 0xc5, 0xaf, 0xb2, 0x72, 0x7b, 0x00, 0xae, 0x6d, 0x42, 0x0e, 0x5e, 
    0xc2, 0x4d, 0x0e, 0xcf, 0x40, 0x9d, 0x36, 0xdc, 0x74, 0x0a, 0xf0, 0x31, 0x40, 0x8f, 0x68, 0xd0, 
    0x22, 0xc6, 0x71, 0xe1, 0x85, 0x44, 0x30, 0xc0, 0x5a, 0xb9, 0x35, 0x7c, 0x0a, 0x7a, 0x29, 0x43, 
    0xda, 0x70, 0xe7, 0x00, 0x2f, 0x18, 0x60, 0xea, 0x5f, 0x44, 0x0c, 0x68, 0x83, 0x1e, 0xb8, 0x05, 
    0xb9, 0x21, 0x3c, 0x8e, 0x0d, 0x09, 0xa8, 0xa9, 0x95, 0xd5, 0xaf, 0x51, 0x16, 0xba, 0xa1, 0x95, 
    0xdb, 0x5e, 0x0e, 0x47, 0x6c, 0x5f, 0x48, 0xae, 0xbf, 0x8e, 0x0d, 0x46, 0x44, 0x6d, 0x11, 0xbd, 
    0xf0, 0x0a, 0x72, 0x12, 0x30, 0x7d, 0xb4, 0x42, 0x02, 0xc4, 0x43, 0xe8, 0x80, 0x33, 0x50, 0xcf, 
    0xe1, 0x61, 0x0e, 0x37, 0xc8, 0x0b, 0xee, 0x0e, 0x2d, 0x22, 0x4a, 0xd5, 0x8c, 0xc8, 0x70, 0x17, 
    0xd4, 0xfd, 0x64, 0x5a, 0x0d, 0x86, 0xc2, 0xd6, 0x0e, 0x74, 0x90, 0x3e, 0xdc, 0xe7, 0x30, 0xd8, 
    0x31, 0x40, 0xf8, 0xad, 0x5d, 0x60, 0x44, 0x86, 0x72, 0xa0, 0xaf, 0xbe, 0x92, 0x38, 0x1c, 0x8a, 
    0xf0, 0xb7, 0x61, 0x89, 0x16, 0x11, 0x81, 0x38, 0xa4, 0xa8, 0x1f, 0x66, 0xe0, 0x01, 0x9c, 0xd2, 
    0x02, 0x62, 0x10, 0x74, 0x58, 0x79, 0x41, 0x3b, 0x11, 0x80, 0x10, 0x63, 0x52, 0xda, 0xb9, 0x52, 
    0x63, 0x70, 0xb8, 0xa9, 0x07, 0x14, 0x2b, 0xc2, 0xcf, 0x08, 0xbf, 0x8d, 0x61, 0x57, 0xe4, 0xe1, 
    0x0c, 0x20, 0x97, 0x01, 0x5e, 0x71, 0xf8, 0xef, 0xd4, 0xe1, 0xe1, 0xe6, 0xf8, 0x0b, 0x76, 0x39, 
    0x45, 0x91, 0xcf, 0x7d, 0x65, 0xf6, 0x00, 0x00, 0x00, 0x00, 0x49, 0x45, 0x4e, 0x44, 0xae, 0x42, 
    0x60, 0x82
};

// Source: https://raw.communitydragon.org/latest/game/assets/ux/minimap/icons/minimap_ward_green_full.png
constexpr std::uint8_t awareness_ward_ally[] = {
    0x89, 0x50, 0x4e, 0x47, 0x0d, 0x0a, 0x1a, 0x0a, 0x00, 0x00, 0x00, 0x0d, 0x49, 0x48, 0x44, 0x52, 
    0x00, 0x00, 0x00, 0x20, 0x00, 0x00, 0x00, 0x20, 0x08, 0x06, 0x00, 0x00, 0x00, 0x73, 0x7a, 0x7a, 
    0xf4, 0x00, 0x00, 0x03, 0x5d, 0x49, 0x44, 0x41, 0x54, 0x78, 0xda, 0xed, 0xd7, 0x4d, 0x48, 0x14, 
    0x61, 0x1c, 0xc7, 0xf1, 0xdd, 0xd9, 0x99, 0x71, 0x1a, 0xdd, 0x76, 0xa8, 0x14, 0xd3, 0x5e, 0xac, 
    0x36, 0x53, 0x76, 0x85, 0x4a, 0x92, 0x4e, 0x49, 0x66, 0xd8, 0x0b, 0xbd, 0xd0, 0x0b, 0x06, 0xd1, 
    0xad, 0x96, 0x0e, 0x15, 0x44, 0xa7, 0x8a, 0xa8, 0xc8, 0x4b, 0x97, 0x20, 0xe8, 0x52, 0x44, 0x85, 
    0x87, 0x0e, 0x1d, 0x22, 0x82, 0x0e, 0x51, 0x1e, 0xea, 0xd0, 0x25, 0x88, 0x28, 0xe8, 0x64, 0x2a, 
    0x94, 0x96, 0x18, 0xa9, 0x91, 0x1e, 0x44, 0x7c, 0xfa, 0x3e, 0xdb, 0x7f, 0xf5, 0x61, 0x0f, 0xed, 
    0x28, 0x7b, 0x09, 0x1c, 0xf8, 0x30, 0xe3, 0xcc, 0xce, 0xf3, 0xfb, 0x3d, 0x33, 0xc3, 0x8e, 0x1b, 
    0x99, 0x5f, 0xfe, 0x97, 0xc5, 0x42, 0x0c, 0x36, 0x5c, 0x94, 0x88, 0x05, 0xa2, 0x44, 0xb8, 0xb0, 
    0x11, 0x83, 0x55, 0xac, 0xf0, 0x28, 0x5c, 0x51, 0x8a, 0xb2, 0x02, 0x7c, 0x38, 0x88, 0x6a, 0xc5, 
    0x98, 0x79, 0xd4, 0x08, 0x0f, 0x42, 0x14, 0x48, 0x60, 0xce, 0x25, 0xa2, 0xb0, 0x44, 0x4c, 0x98, 
    0xe1, 0x55, 0x48, 0x4b, 0xd0, 0x1e, 0xdc, 0xc0, 0x4d, 0x34, 0xa0, 0x4c, 0xd6, 0x4b, 0xcd, 0x12, 
    0xc6, 0xed, 0x40, 0x81, 0x32, 0xc6, 0xfd, 0x73, 0x8c, 0x7b, 0x1c, 0xa0, 0x5c, 0xc2, 0xd7, 0x22, 
    0x2d, 0xe1, 0xef, 0x2d, 0xbb, 0x74, 0x14, 0x63, 0x6c, 0x3f, 0xc5, 0x5e, 0x29, 0xb0, 0x46, 0x4a, 
    0x2c, 0x81, 0x0f, 0x0f, 0xf2, 0x6c, 0xa0, 0xc0, 0xe2, 0x22, 0x5f, 0xa5, 0x48, 0x65, 0xd9, 0x5e, 
    0x06, 0x1f, 0x31, 0xb8, 0xeb, 0x51, 0x8f, 0x4a, 0x9f, 0xb9, 0xa5, 0xd8, 0xaf, 0xbd, 0xc5, 0x4e, 
    0xa4, 0x45, 0x85, 0x70, 0x4d, 0x73, 0x29, 0x90, 0x12, 0xcd, 0xc8, 0xe8, 0xe0, 0x5c, 0xb8, 0xd6, 
    0xf2, 0x70, 0xba, 0x44, 0xbf, 0x94, 0x38, 0x82, 0x16, 0xa4, 0xe7, 0x52, 0xc0, 0x87, 0x8b, 0xba, 
    0x48, 0xd4, 0xda, 0x45, 0x50, 0x5d, 0xc4, 0x0b, 0x52, 0x11, 0xcb, 0xd1, 0xe1, 0x5a, 0x27, 0xfb, 
    0xb2, 0xc1, 0x46, 0x01, 0xb3, 0x84, 0xd6, 0x81, 0x16, 0xce, 0x4f, 0x73, 0x5e, 0xda, 0xb2, 0x9c, 
    0x9d, 0x58, 0x87, 0x50, 0x05, 0x12, 0x70, 0x71, 0x0a, 0xbf, 0x19, 0xe0, 0x43, 0xc4, 0xf1, 0x3b, 
    0x29, 0x71, 0x81, 0xed, 0x8c, 0x14, 0x18, 0xfc, 0x47, 0x81, 0x7e, 0x74, 0x10, 0x7e, 0x86, 0xcf, 
    0x77, 0xe0, 0x09, 0x7f, 0xff, 0x22, 0xfc, 0xb1, 0xe7, 0x05, 0xeb, 0xc2, 0x14, 0x58, 0x44, 0x58, 
    0x15, 0x5e, 0x62, 0xaa, 0x34, 0xd5, 0x36, 0x15, 0xb1, 0x83, 0x71, 0x7c, 0xc5, 0x47, 0xbc, 0xe6, 
    0x99, 0xea, 0xc5, 0x68, 0xfd, 0x9d, 0x6f, 0x4a, 0xdb, 0x20, 0xd8, 0x37, 0x80, 0x6e, 0xbc, 0xc1, 
    0x27, 0xfc, 0x84, 0x0a, 0x6a, 0xf7, 0x31, 0x86, 0xd7, 0x8d, 0x76, 0x94, 0xcf, 0xaa, 0xc0, 0xaa, 
    0xb3, 0xcf, 0xa6, 0x6a, 0x4e, 0xde, 0x57, 0x5a, 0xd0, 0xd4, 0xae, 0x74, 0x19, 0x06, 0xfd, 0x82, 
    0xef, 0xf1, 0xc6, 0x03, 0x13, 0xf5, 0x33, 0xe1, 0x23, 0x18, 0xd0, 0x82, 0xc6, 0xc3, 0xe3, 0x35, 
    0x99, 0x4e, 0x95, 0x53, 0xb9, 0xf9, 0x9c, 0x2e, 0x80, 0xd9, 0x15, 0x38, 0x8a, 0xcf, 0xd0, 0x05, 
    0x64, 0x96, 0x40, 0x75, 0xe6, 0xee, 0x04, 0xe1, 0xa3, 0x84, 0xfd, 0xd0, 0xdb, 0x41, 0xe3, 0x81, 
    0x31, 0xb6, 0x87, 0x58, 0x8f, 0x70, 0x7c, 0x62, 0xc3, 0x9d, 0x61, 0x25, 0x74, 0x81, 0x71, 0x09, 
    0x7f, 0xe1, 0x95, 0xa7, 0x9a, 0xc2, 0x14, 0x48, 0xe8, 0x02, 0xe2, 0x22, 0x3e, 0xeb, 0x59, 0x9b, 
    0x25, 0xea, 0x45, 0xfc, 0x6f, 0xf0, 0x28, 0x46, 0x6a, 0x28, 0x22, 0xc7, 0x41, 0x38, 0xf4, 0x95, 
    0xe0, 0x98, 0x2e, 0xd0, 0x4d, 0x78, 0x7b, 0xd8, 0x02, 0x71, 0x54, 0x58, 0xb6, 0x97, 0xf4, 0xca, 
    0x2a, 0x93, 0x8e, 0x17, 0xe8, 0x87, 0xb1, 0x0f, 0xca, 0xdf, 0x71, 0x5d, 0x05, 0xa7, 0xdf, 0xa9, 
    0xe0, 0xfc, 0x27, 0x00, 0x4e, 0x5d, 0x9b, 0x0a, 0x0e, 0xde, 0x56, 0x95, 0x97, 0x7a, 0x00, 0x04, 
    0xc7, 0xba, 0x26, 0x9d, 0x95, 0xcd, 0x93, 0x9c, 0xa3, 0x75, 0x33, 0xce, 0x6e, 0x34, 0x30, 0xd6, 
    0x52, 0xc6, 0x4d, 0x14, 0x2a, 0xb0, 0x00, 0x15, 0x22, 0xc9, 0x09, 0x1b, 0x59, 0x1f, 0xc7, 0x2b, 
    0xf4, 0x39, 0xc9, 0x56, 0xe5, 0xef, 0xbf, 0x31, 0x66, 0x94, 0x98, 0x09, 0xa6, 0x88, 0x57, 0x7f, 
    0x48, 0xe5, 0x82, 0x71, 0x0f, 0x5b, 0x19, 0xa3, 0x01, 0xb9, 0x6f, 0xc7, 0x82, 0x05, 0x4a, 0xe0, 
    0x99, 0x25, 0x50, 0x8b, 0xed, 0xb8, 0x26, 0x45, 0x86, 0x98, 0xf9, 0x58, 0x5e, 0x01, 0x82, 0x83, 
    0x61, 0xf4, 0x72, 0xbc, 0x0b, 0x97, 0xb1, 0x15, 0xab, 0x61, 0x86, 0xbb, 0x85, 0x0a, 0xc4, 0xe0, 
    0xe5, 0x95, 0xa8, 0x35, 0x4a, 0x1c, 0xc7, 0x73, 0x0c, 0x99, 0x05, 0xb2, 0x33, 0x27, 0x1c, 0x37, 
    0x25, 0x58, 0xc2, 0x61, 0x84, 0x87, 0x29, 0x60, 0xc1, 0x86, 0x6b, 0xbe, 0x88, 0xa4, 0x40, 0x13, 
    0x9a, 0x79, 0x90, 0xae, 0xa2, 0x57, 0xdf, 0x8e, 0xe0, 0x44, 0x57, 0x16, 0x7d, 0xb5, 0x1e, 0x6c, 
    0xe1, 0x33, 0x5a, 0x03, 0x96, 0x61, 0x31, 0x16, 0x9a, 0x2f, 0xa4, 0xd9, 0xbc, 0x8e, 0x6d, 0x29, 
    0x11, 0x37, 0x4b, 0x10, 0xbe, 0x0d, 0xbd, 0xc8, 0x86, 0xfb, 0xdb, 0xae, 0xe4, 0x0a, 0xdc, 0x93, 
    0x02, 0x9b, 0x90, 0x94, 0xf0, 0x52, 0x78, 0xb0, 0x85, 0x85, 0x70, 0x8b, 0x51, 0x22, 0x2e, 0x96, 
    0xa3, 0x96, 0xe0, 0x24, 0xae, 0x42, 0xf9, 0xad, 0x57, 0x94, 0xb3, 0xaa, 0x75, 0x7a, 0xf6, 0x58, 
    0x91, 0x17, 0x1e, 0x9b, 0x75, 0xb0, 0x59, 0x40, 0x38, 0x90, 0xab, 0x40, 0x09, 0x0a, 0x18, 0x57, 
    0xc1, 0x9c, 0xfd, 0x0a, 0x40, 0xc2, 0x51, 0x8c, 0xff, 0x0d, 0xa3, 0x46, 0x89, 0x32, 0x2c, 0xe2, 
    0x05, 0x53, 0xcd, 0x17, 0x54, 0x35, 0x2f, 0xa9, 0x36, 0xb6, 0xef, 0xe3, 0x01, 0xdb, 0xeb, 0x59, 
    0x57, 0x71, 0x5c, 0x4b, 0xc0, 0x0b, 0x3f, 0xf3, 0xf0, 0x57, 0xa2, 0x04, 0x3e, 0x1c, 0x29, 0x91, 
    0x2b, 0x52, 0x65, 0x84, 0xdb, 0xf0, 0xe0, 0x9a, 0x05, 0x8a, 0x55, 0xc2, 0x91, 0x12, 0x4e, 0x1e, 
    0x3b, 0x5f, 0x91, 0xc3, 0xa5, 0x80, 0x08, 0x59, 0xc0, 0xd2, 0xe6, 0x7f, 0x4e, 0xcd, 0x2f, 0x61, 
    0x96, 0x3f, 0x43, 0x0f, 0x5c, 0x9c, 0x41, 0xf3, 0x31, 0xd3, 0x00, 0x00, 0x00, 0x00, 0x49, 0x45, 
    0x4e, 0x44, 0xae, 0x42, 0x60, 0x82
};

// Source: https://raw.communitydragon.org/latest/game/assets/ux/minimap/icons/blue.png
constexpr std::uint8_t awareness_blue[] = {
    0x89, 0x50, 0x4e, 0x47, 0x0d, 0x0a, 0x1a, 0x0a, 0x00, 0x00, 0x00, 0x0d, 0x49, 0x48, 0x44, 0x52, 
    0x00, 0x00, 0x00, 0x40, 0x00, 0x00, 0x00, 0x40, 0x08, 0x06, 0x00, 0x00, 0x00, 0xaa, 0x69, 0x71, 
    0xde, 0x00, 0x00, 0x08, 0x65, 0x49, 0x44, 0x41, 0x54, 0x78, 0xda, 0xed, 0xda, 0x5f, 0x68, 0x5b, 
    0xd7, 0x1d, 0x07, 0xf0, 0xe9, 0x5a, 0x57, 0xbe, 0x91, 0xac, 0xe4, 0xc6, 0x8e, 0x63, 0x19, 0x25, 
    0xb5, 0x55, 0x07, 0xd5, 0xc2, 0xae, 0x32, 0xd9, 0xc6, 0xa9, 0xa8, 0x12, 0xd7, 0xca, 0xda, 0x6e, 
    0x8e, 0x93, 0x26, 0xf2, 0xb4, 0x26, 0x21, 0x7e, 0xd8, 0x42, 0x61, 0x4b, 0x69, 0x32, 0xcf, 0x49, 
    0xbc, 0x10, 0x6a, 0x36, 0x30, 0xec, 0x25, 0x94, 0x8d, 0x19, 0x42, 0x87, 0xb7, 0xac, 0x85, 0x40, 
    0xd9, 0x68, 0xd9, 0x4b, 0x18, 0x09, 0x74, 0xeb, 0xfe, 0x24, 0x6c, 0x6c, 0x19, 0x83, 0x81, 0xd9, 
    0x43, 0xba, 0x87, 0xac, 0x6c, 0x0f, 0xdb, 0x7b, 0xde, 0xce, 0xe9, 0xf7, 0x77, 0xf9, 0x1d, 0x73, 
    0xee, 0x3f, 0xab, 0x8e, 0xff, 0xa8, 0xb4, 0xf7, 0xc0, 0x87, 0xe3, 0x48, 0x8a, 0xee, 0xfd, 0x7e, 
    0xcf, 0xb9, 0xb6, 0x25, 0xf9, 0x0b, 0xd1, 0x88, 0x46, 0x34, 0xa2, 0x11, 0x8d, 0x68, 0x44, 0x23, 
    0x1a, 0xd1, 0xd8, 0xc0, 0x51, 0x9b, 0xaa, 0x99, 0x9f, 0xab, 0xc0, 0x37, 0x96, 0x6e, 0xb4, 0x60, 
    0x22, 0x09, 0x48, 0x82, 0x4d, 0x33, 0x4b, 0x40, 0xcb, 0xfc, 0xfc, 0x3c, 0xee, 0x5f, 0xd3, 0x30, 
    0x89, 0x65, 0x59, 0x29, 0x1d, 0x6e, 0xb3, 0x20, 0xce, 0x9a, 0x3e, 0x62, 0x5a, 0xf0, 0x34, 0x74, 
    0x41, 0x2f, 0xe4, 0x59, 0x2f, 0x64, 0xf8, 0xbe, 0x04, 0x34, 0x2c, 0x01, 0x45, 0x19, 0x1c, 0x3e, 
    0x09, 0x1d, 0x08, 0x9d, 0x85, 0xa7, 0x14, 0xdc, 0xb6, 0x07, 0x76, 0x65, 0xf7, 0x64, 0x9d, 0x22, 
    0xa4, 0x94, 0xb1, 0x66, 0x17, 0x90, 0xb0, 0x6d, 0x9b, 0xc2, 0x15, 0x4c, 0xd3, 0x2c, 0x60, 0xfe, 
    0x92, 0xc7, 0x00, 0xb3, 0x48, 0xad, 0xb6, 0xfa, 0xe5, 0x31, 0x32, 0x3c, 0x42, 0xf7, 0x93, 0x7e, 
    0x76, 0xd0, 0x30, 0x8c, 0x93, 0x98, 0xc9, 0x41, 0x78, 0x9a, 0x24, 0x93, 0xc9, 0x14, 0x66, 0x40, 
    0xa9, 0xcd, 0x18, 0xdc, 0xbc, 0x09, 0x4e, 0x78, 0xf6, 0x6d, 0xf8, 0x08, 0x24, 0xe1, 0xaf, 0x67, 
    0xe0, 0x98, 0x56, 0xc2, 0x6a, 0x05, 0xb4, 0x78, 0xc2, 0x4f, 0xc2, 0x2f, 0xe1, 0xdf, 0x20, 0x79, 
    0xbe, 0x0d, 0xc7, 0x51, 0x36, 0x15, 0x91, 0x2a, 0x14, 0x0a, 0xdb, 0xae, 0xbe, 0x7e, 0xb5, 0xa5, 
    0x59, 0xab, 0x6f, 0x41, 0x42, 0x0b, 0x2f, 0x43, 0xe8, 0x25, 0xd8, 0x60, 0x86, 0x84, 0x4f, 0x79, 
    0xc2, 0xff, 0x1a, 0xa4, 0x0f, 0x97, 0xc0, 0xbb, 0x61, 0x07, 0x34, 0xad, 0x80, 0x36, 0x0e, 0x7f, 
    0x54, 0x3b, 0xd9, 0x30, 0x33, 0x58, 0x35, 0x2a, 0x21, 0x0f, 0x9d, 0x90, 0x04, 0x13, 0x5a, 0xa0, 
    0x95, 0xc3, 0x67, 0x7d, 0xe1, 0xc3, 0xcd, 0xf2, 0x2e, 0xd8, 0x8d, 0x5d, 0x90, 0xd8, 0xf2, 0xf4, 
    0x2f, 0xd5, 0x5e, 0x8a, 0x63, 0x6a, 0xe7, 0x55, 0x38, 0x02, 0xb2, 0x81, 0xff, 0xc1, 0x15, 0x9c, 
    0x74, 0x1d, 0x86, 0xe9, 0xff, 0x32, 0x9b, 0x0d, 0xb1, 0xaf, 0xc2, 0x2d, 0x90, 0x0d, 0xbc, 0x87, 
    0xe7, 0xa9, 0x5a, 0x71, 0x6b, 0x2f, 0xa0, 0xc0, 0xad, 0x1f, 0x71, 0xe8, 0xe2, 0x02, 0x7e, 0x00, 
    0x52, 0xb7, 0x78, 0xbc, 0x37, 0xac, 0x84, 0x39, 0xc3, 0x30, 0xea, 0x98, 0x87, 0xa9, 0x08, 0x3d, 
    0x38, 0xfb, 0x29, 0x48, 0xaf, 0x37, 0x8e, 0x64, 0x69, 0xd6, 0xfd, 0x19, 0xcf, 0x43, 0x05, 0xec, 
    0x83, 0xed, 0xcd, 0x28, 0x60, 0x1b, 0xec, 0x81, 0x23, 0xde, 0x02, 0x26, 0xfa, 0x6d, 0xf9, 0xaf, 
    0x2b, 0x25, 0x9a, 0xc3, 0x56, 0xef, 0x4d, 0x98, 0x83, 0x3a, 0x85, 0x46, 0x10, 0x0a, 0x7e, 0x19, 
    0xee, 0x80, 0xf4, 0x5a, 0x9e, 0x29, 0x10, 0xef, 0xed, 0x1f, 0xc1, 0x34, 0xc2, 0x0f, 0x6c, 0x46, 
    0x01, 0x31, 0x66, 0x90, 0x7a, 0xbd, 0xde, 0x82, 0x59, 0x89, 0xf3, 0xf6, 0xdf, 0x06, 0x39, 0x2e, 
    0xe0, 0x66, 0x40, 0x01, 0x02, 0xe4, 0x81, 0x9e, 0x54, 0x58, 0x09, 0x1f, 0xb2, 0x07, 0x4a, 0xc8, 
    0xca, 0xfb, 0x0b, 0x60, 0x5c, 0xc0, 0x30, 0x74, 0x42, 0xeb, 0xcb, 0x5f, 0x7b, 0xb9, 0x95, 0xce, 
    0x8f, 0x7f, 0xf1, 0x32, 0x68, 0x06, 0x43, 0xe5, 0xf9, 0xa4, 0x3f, 0xda, 0xbc, 0xd2, 0x1e, 0xed, 
    0x9a, 0x21, 0x98, 0x82, 0xfb, 0xae, 0x93, 0xc6, 0xf6, 0x5f, 0x46, 0x01, 0x20, 0x97, 0x2f, 0x95, 
    0xc4, 0x8b, 0x4f, 0xf1, 0x4e, 0x58, 0x0b, 0xbe, 0x8c, 0xfe, 0xfb, 0x7a, 0x69, 0x45, 0x6e, 0x97, 
    0xe5, 0x7d, 0xcc, 0x3c, 0xd4, 0x2c, 0xcb, 0x2a, 0x61, 0xde, 0xc9, 0xd2, 0xc4, 0xb6, 0x6d, 0x67, 
    0xce, 0x64, 0x32, 0xae, 0x3c, 0x8d, 0xae, 0xea, 0x58, 0xf9, 0x99, 0xb2, 0xf3, 0xc0, 0x8e, 0xf6, 
    0x8e, 0x6e, 0xcc, 0x64, 0x3f, 0xc1, 0xf5, 0xaa, 0x38, 0xd7, 0x2c, 0xcd, 0xd8, 0xba, 0x53, 0xf0, 
    0x6a, 0x83, 0x02, 0x1c, 0x28, 0x61, 0xcd, 0xe1, 0xb1, 0x83, 0x54, 0x78, 0x41, 0xbc, 0x05, 0x18, 
    0x31, 0xe3, 0x87, 0x54, 0x00, 0x94, 0x14, 0xfd, 0x5c, 0xf9, 0xdc, 0xbb, 0x51, 0x46, 0x77, 0xe3, 
    0x12, 0x10, 0x1e, 0xe2, 0xfc, 0x80, 0x6e, 0x18, 0x62, 0x35, 0x82, 0xa0, 0x34, 0x93, 0x29, 0xcd, 
    0x45, 0x58, 0x80, 0xff, 0x04, 0x14, 0x40, 0x04, 0x85, 0x67, 0xe2, 0x8d, 0x63, 0xbd, 0x0d, 0x83, 
    0xf3, 0xe5, 0x43, 0x04, 0x09, 0xdb, 0x01, 0x5c, 0xc0, 0x2d, 0xcc, 0xb3, 0x44, 0x9d, 0x1f, 0x41, 
    0x78, 0x9a, 0x95, 0x21, 0xd6, 0xcd, 0xbb, 0xa1, 0x05, 0x62, 0x41, 0x05, 0x18, 0x60, 0xf1, 0xca, 
    0x0f, 0xc1, 0x11, 0x78, 0x2f, 0xe0, 0xda, 0x7c, 0xa4, 0x59, 0x56, 0xab, 0x1f, 0x52, 0x00, 0x82, 
    0xeb, 0x25, 0x20, 0x18, 0x82, 0x2c, 0x4e, 0xf5, 0x0a, 0x26, 0x17, 0xbe, 0x9c, 0x15, 0xe4, 0xde, 
    0x6b, 0x05, 0x09, 0x14, 0xdc, 0x45, 0x2b, 0x40, 0x9c, 0x3d, 0xd0, 0xe9, 0x2d, 0xec, 0xff, 0xb0, 
    0xec, 0x39, 0x27, 0xa9, 0x79, 0x00, 0xef, 0xc2, 0x04, 0x2e, 0x13, 0xa7, 0x04, 0xb0, 0xf8, 0xfb, 
    0x83, 0x6f, 0xb4, 0x80, 0x0d, 0xfb, 0xe0, 0x30, 0x7c, 0x00, 0xf2, 0x71, 0x2c, 0x1c, 0xcb, 0xcb, 
    0x7b, 0x97, 0xca, 0x8e, 0xbf, 0xa1, 0x00, 0x0d, 0x4a, 0xf0, 0x94, 0x72, 0xc5, 0xed, 0x9f, 0x73, 
    0x25, 0x01, 0x92, 0x09, 0xfd, 0xf1, 0x93, 0x85, 0xc7, 0xfb, 0x5e, 0xc2, 0x59, 0xaa, 0xd0, 0x87, 
    0x05, 0x4e, 0x73, 0x56, 0xdf, 0x48, 0x40, 0x07, 0x17, 0xf0, 0x7d, 0x90, 0x8f, 0x8b, 0x82, 0x2b, 
    0x7f, 0x9a, 0x1d, 0x16, 0x20, 0x09, 0x95, 0x70, 0x1f, 0xb3, 0xee, 0xef, 0x97, 0x87, 0x05, 0x48, 
    0xe5, 0x1f, 0x97, 0x4b, 0x44, 0x30, 0xad, 0xac, 0x75, 0x14, 0x00, 0x9c, 0xa9, 0x0f, 0x76, 0xad, 
    0x56, 0x40, 0x17, 0xae, 0x1f, 0x5a, 0xfd, 0xb7, 0x40, 0x6e, 0xc4, 0x0e, 0x40, 0x70, 0x45, 0x80, 
    0x5e, 0x80, 0x08, 0x28, 0xc0, 0xd9, 0x25, 0xe0, 0x84, 0x57, 0x3b, 0x66, 0x83, 0x0a, 0xf8, 0x39, 
    0x54, 0x21, 0x03, 0x89, 0xc0, 0x02, 0x52, 0xc9, 0x54, 0x68, 0x01, 0x0b, 0x87, 0x92, 0x8e, 0xf9, 
    0x67, 0x4d, 0x01, 0x52, 0x99, 0x1e, 0x30, 0x57, 0x2d, 0xe0, 0xf7, 0xdf, 0x19, 0xd5, 0x89, 0xbb, 
    0x98, 0x61, 0x65, 0xfe, 0xcb, 0xec, 0xa8, 0x64, 0x02, 0x28, 0x34, 0x6b, 0x5c, 0xc0, 0x8b, 0x39, 
    0xc3, 0x39, 0xfe, 0xb5, 0x71, 0x8b, 0x08, 0x50, 0xe7, 0xb9, 0xf6, 0x02, 0x4a, 0x23, 0x25, 0xd3, 
    0xde, 0x69, 0x77, 0xd0, 0x0b, 0x0c, 0xc3, 0x30, 0x66, 0xbd, 0x4f, 0x30, 0xd8, 0x69, 0xc8, 0x05, 
    0x1c, 0x60, 0xf1, 0x2b, 0x36, 0x11, 0x20, 0xc9, 0x12, 0xbe, 0x1e, 0xc9, 0xb8, 0x4b, 0x38, 0x79, 
    0x68, 0x50, 0x2e, 0x4c, 0x57, 0x1d, 0xbf, 0x38, 0x57, 0x91, 0xef, 0xcf, 0x94, 0x57, 0x7c, 0x70, 
    0x61, 0x58, 0x87, 0x12, 0xdc, 0xee, 0xcd, 0x94, 0x56, 0xfc, 0xea, 0xdc, 0xa8, 0xf3, 0x1c, 0xca, 
    0x60, 0xcf, 0x6e, 0xd7, 0x71, 0x28, 0xf4, 0xe2, 0x0b, 0x36, 0x91, 0x8c, 0xce, 0x91, 0xce, 0x35, 
    0xa8, 0x80, 0x8b, 0xc8, 0x56, 0xe4, 0xcb, 0xdc, 0x04, 0xdf, 0x30, 0x20, 0x0d, 0x4f, 0xc3, 0x71, 
    0xb8, 0x1d, 0x54, 0x02, 0x42, 0xbb, 0x2c, 0xc1, 0x2a, 0x05, 0x78, 0x8b, 0x10, 0x08, 0xed, 0xf2, 
    0xfe, 0x85, 0x51, 0xc9, 0x5c, 0x05, 0xfc, 0xe4, 0x6c, 0x85, 0xfe, 0xdf, 0x5a, 0x0b, 0x08, 0x0c, 
    0xcf, 0x59, 0x4e, 0x40, 0x91, 0x33, 0x9a, 0x10, 0x38, 0x2c, 0x48, 0xad, 0x56, 0xc2, 0x68, 0xd6, 
    0xf4, 0x16, 0x20, 0xbe, 0xf9, 0x45, 0xf7, 0x96, 0xc3, 0x89, 0xf2, 0x49, 0xfb, 0x4b, 0xb8, 0x73, 
    0x7e, 0x54, 0x80, 0x9a, 0x29, 0xb8, 0x00, 0x35, 0x87, 0x86, 0x07, 0x5f, 0x30, 0x14, 0xa0, 0x82, 
    0x0b, 0x32, 0xd1, 0x67, 0x35, 0x0a, 0xdf, 0xc6, 0x19, 0x43, 0x87, 0xa1, 0x15, 0x40, 0x97, 0x02, 
    0x95, 0xf0, 0x57, 0x90, 0x8a, 0x15, 0x77, 0x97, 0xb0, 0x04, 0xe1, 0x05, 0xf8, 0xdd, 0x7a, 0xad, 
    0xac, 0x08, 0x2a, 0x81, 0xbf, 0x56, 0x05, 0x84, 0x86, 0xc7, 0xae, 0x72, 0x1d, 0xa3, 0xd8, 0x69, 
    0xa8, 0x1d, 0x20, 0x49, 0x48, 0xf8, 0xfb, 0x7a, 0x78, 0x66, 0x40, 0xc3, 0x77, 0x79, 0x76, 0xc2, 
    0x93, 0x50, 0x81, 0x3a, 0x7c, 0x08, 0xee, 0x6d, 0x5e, 0x4c, 0xca, 0x85, 0xe7, 0x6d, 0xc8, 0x10, 
    0x81, 0xdb, 0x82, 0x2f, 0x83, 0x33, 0x1e, 0xb8, 0xed, 0xdd, 0x6f, 0x95, 0x15, 0xc1, 0x24, 0xb9, 
    0xf1, 0x4a, 0x45, 0x7e, 0xef, 0xcc, 0xb8, 0xcb, 0xd5, 0x53, 0x55, 0x47, 0x61, 0xaf, 0x7b, 0xfb, 
    0x8f, 0xe5, 0x52, 0x72, 0xfe, 0x30, 0x8a, 0x1e, 0xb7, 0xe5, 0xc9, 0x81, 0x64, 0xd8, 0x8b, 0xad, 
    0x3a, 0x67, 0x78, 0x92, 0x33, 0x59, 0x9c, 0x71, 0xf5, 0x31, 0x31, 0x31, 0xa1, 0x97, 0x30, 0x0c, 
    0x73, 0x20, 0xbd, 0x54, 0x01, 0x64, 0xb0, 0xcb, 0x92, 0x01, 0x25, 0x04, 0x16, 0x40, 0x41, 0x55, 
    0x70, 0x1d, 0xee, 0xf3, 0x16, 0xe0, 0x0f, 0xcf, 0x10, 0x5e, 0x70, 0x01, 0x81, 0xe1, 0xb1, 0x7b, 
    0xe7, 0xf8, 0xdc, 0xb5, 0xf0, 0x6b, 0x1b, 0xaa, 0x84, 0xe1, 0x90, 0x12, 0x10, 0xda, 0xa4, 0xf0, 
    0x82, 0xd1, 0x6d, 0x3e, 0xd5, 0x62, 0xce, 0x53, 0x40, 0xe0, 0x2e, 0xa0, 0x52, 0x02, 0x0b, 0xe0, 
    0xf0, 0x81, 0xab, 0x0f, 0x62, 0xb0, 0xd3, 0x0c, 0x3a, 0x2e, 0x87, 0x87, 0x06, 0xe1, 0x1b, 0xee, 
    0x84, 0xf4, 0xf6, 0x74, 0x3b, 0x3f, 0x51, 0x1d, 0xde, 0xf4, 0x5f, 0x0a, 0xbc, 0x0b, 0x00, 0x5f, 
    0x37, 0x2e, 0x61, 0x3a, 0x78, 0x17, 0xfc, 0xe8, 0xeb, 0x63, 0xbe, 0x02, 0x32, 0x76, 0xf0, 0xf3, 
    0xa9, 0xf0, 0x28, 0x22, 0xec, 0xcd, 0x16, 0x7a, 0xdb, 0x6d, 0x7d, 0xe1, 0x79, 0x18, 0xd0, 0xa6, 
    0xbd, 0x3a, 0x3c, 0x05, 0x77, 0x41, 0xea, 0xbe, 0xfb, 0x5c, 0x56, 0x30, 0xe7, 0x97, 0x15, 0xbc, 
    0xa8, 0x02, 0xc6, 0x8f, 0x99, 0x3e, 0x94, 0x97, 0xd7, 0xa6, 0xcb, 0x50, 0x75, 0x2c, 0x22, 0xf0, 
    0x4d, 0x04, 0x67, 0xda, 0xed, 0x00, 0xa5, 0x5e, 0xff, 0xca, 0xe7, 0x3b, 0x2d, 0x79, 0xb9, 0x9a, 
    0x25, 0x82, 0x58, 0x71, 0x5f, 0xf8, 0xbb, 0x38, 0xe6, 0x29, 0x18, 0x82, 0x6e, 0x68, 0xe3, 0x6b, 
    0x7e, 0xdd, 0x43, 0x95, 0x30, 0x06, 0x17, 0x40, 0xea, 0x2a, 0xbd, 0x69, 0x2a, 0xc1, 0x31, 0x5b, 
    0xc9, 0x10, 0x77, 0x01, 0x8c, 0x0a, 0xa0, 0xe0, 0xca, 0x12, 0x76, 0x01, 0xd3, 0x6e, 0xaf, 0xca, 
    0x6f, 0x3c, 0x37, 0x18, 0x18, 0x7e, 0x76, 0x3c, 0x43, 0xe1, 0x1d, 0x63, 0x7d, 0x69, 0x6f, 0x01, 
    0x0f, 0xe1, 0x3c, 0x8e, 0x39, 0xa6, 0x85, 0xdf, 0xd0, 0xd1, 0x06, 0x79, 0x7e, 0xdd, 0xfd, 0x4e, 
    0xd8, 0x2e, 0x40, 0x78, 0x22, 0x81, 0x0b, 0x70, 0xef, 0x02, 0x84, 0x0d, 0x2b, 0x80, 0xe7, 0x6a, 
    0x68, 0x78, 0xbd, 0x00, 0x0a, 0xef, 0x29, 0xe0, 0x1d, 0x38, 0x81, 0x63, 0xe6, 0x37, 0x23, 0xbc, 
    0xbe, 0x0b, 0x46, 0xe1, 0x02, 0x3c, 0x0c, 0xda, 0x05, 0x5a, 0x01, 0xc2, 0xfb, 0xbb, 0x7b, 0xb1, 
    0xa7, 0x43, 0x05, 0x0e, 0x2b, 0x22, 0x70, 0xf5, 0x11, 0x5c, 0x80, 0x04, 0xb5, 0xfa, 0xde, 0x02, 
    0x1e, 0x62, 0x61, 0x4e, 0xe0, 0xba, 0x1f, 0xd9, 0x94, 0xd5, 0xe7, 0x11, 0x87, 0xed, 0x50, 0xc0, 
    0xc1, 0x8e, 0x62, 0x5e, 0x04, 0xa9, 0x3b, 0x5b, 0xc9, 0xc9, 0x73, 0x63, 0xbd, 0x3a, 0x5f, 0x98, 
    0x9b, 0xaf, 0x94, 0x5d, 0xae, 0xa3, 0x80, 0xb7, 0x11, 0x5c, 0x99, 0x2c, 0x66, 0xdd, 0xef, 0x10, 
    0x15, 0x33, 0xf2, 0xd5, 0xf1, 0x9c, 0x22, 0x4e, 0x3f, 0x13, 0xf8, 0xd3, 0xe6, 0xc7, 0x30, 0x69, 
    0x59, 0x56, 0x3f, 0xe6, 0x34, 0xbf, 0x89, 0xbb, 0xe1, 0xc3, 0xf0, 0x7c, 0x14, 0x76, 0x14, 0xa4, 
    0x2e, 0xb7, 0x2b, 0x45, 0xa1, 0x05, 0x93, 0x24, 0x9f, 0x49, 0xba, 0x1e, 0x73, 0xfe, 0x70, 0xde, 
    0x55, 0xc0, 0x35, 0xfe, 0x91, 0xa8, 0xe4, 0xbb, 0xd2, 0xde, 0x02, 0x04, 0x85, 0x57, 0x9e, 0x68, 
    0xb7, 0x82, 0x0a, 0x98, 0x84, 0x7e, 0x30, 0xd9, 0xa6, 0x8d, 0xb8, 0x56, 0x40, 0xe0, 0x2e, 0x28, 
    0xe7, 0x6c, 0xa9, 0x17, 0x50, 0xde, 0x67, 0xaf, 0xab, 0x00, 0xb5, 0xf2, 0xa4, 0x90, 0xb5, 0x43, 
    0x57, 0x1f, 0xfa, 0x33, 0x99, 0x0c, 0x85, 0x8f, 0xc1, 0xa6, 0x0d, 0x03, 0x12, 0x9e, 0x12, 0x7e, 
    0xe7, 0x7d, 0xad, 0x00, 0x5c, 0x84, 0xbf, 0x80, 0x03, 0xb9, 0x8e, 0xd0, 0x02, 0x70, 0x09, 0xb8, 
    0xc3, 0x71, 0x01, 0xb4, 0x0b, 0xb0, 0xbd, 0x25, 0x78, 0xef, 0xff, 0xed, 0x56, 0xae, 0xbe, 0x3e, 
    0x5a, 0xa1, 0x0b, 0x0e, 0xc0, 0xa5, 0xb0, 0x0f, 0x35, 0x52, 0x96, 0x29, 0xfb, 0x78, 0x45, 0x75, 
    0xe5, 0xbe, 0x8e, 0x95, 0xd0, 0x8b, 0xd3, 0x25, 0xc5, 0xf7, 0x38, 0x33, 0x6e, 0xc8, 0xa4, 0x65, 
    0xfa, 0x6e, 0x67, 0x0f, 0x60, 0x0a, 0x7b, 0x72, 0x14, 0xba, 0x60, 0x4b, 0x3f, 0x1f, 0x6c, 0xcd, 
    0xee, 0xc9, 0xee, 0xc0, 0xdc, 0x03, 0x25, 0xbd, 0x84, 0xb5, 0xa0, 0x22, 0x4a, 0x3d, 0x36, 0x09, 
    0x7f, 0x5c, 0x78, 0xf8, 0x4b, 0xa6, 0x69, 0x96, 0x10, 0xfc, 0x09, 0xd8, 0xb1, 0xb5, 0x05, 0x70, 
    0x09, 0xb0, 0x03, 0x4a, 0x74, 0x22, 0xb4, 0x1a, 0x70, 0x07, 0xe4, 0x26, 0xbb, 0xc3, 0xc7, 0x2a, 
    0xd1, 0x27, 0x42, 0xcd, 0x09, 0xcf, 0x03, 0xbb, 0xc0, 0x29, 0x81, 0x68, 0x25, 0x5c, 0x84, 0x3f, 
    0x6c, 0x42, 0xf0, 0x3f, 0xc2, 0x9c, 0x0a, 0xcf, 0xc7, 0xe5, 0xf0, 0xcd, 0x1b, 0x31, 0x30, 0x21, 
    0x09, 0x9d, 0x90, 0x87, 0x22, 0x3c, 0x0f, 0x67, 0xe0, 0x2d, 0xb8, 0xbd, 0x8e, 0xd0, 0xb7, 0xe1, 
    0x6d, 0x2e, 0xf5, 0x05, 0xd8, 0x0f, 0xfd, 0xb0, 0x1b, 0x52, 0x83, 0x03, 0x83, 0xfc, 0x5d, 0xbf, 
    0xc9, 0xa3, 0x5e, 0xaf, 0xab, 0x12, 0x6c, 0xe8, 0x82, 0xa2, 0x56, 0x44, 0x8d, 0x5d, 0x34, 0x0c, 
    0xe3, 0x3a, 0xe6, 0x9f, 0xc1, 0x6f, 0x82, 0xe0, 0x7e, 0xba, 0xef, 0x3a, 0x07, 0xae, 0x11, 0x15, 
    0x9c, 0x65, 0x60, 0x27, 0xa4, 0xc0, 0xd4, 0x16, 0xe1, 0x53, 0x33, 0xd4, 0x8a, 0x74, 0x69, 0xf6, 
    0x33, 0xf5, 0x81, 0xe5, 0x41, 0x05, 0x81, 0x1d, 0xea, 0xdf, 0xb8, 0x9f, 0x78, 0x1f, 0x9f, 0xd1, 
    0xc4, 0x78, 0xd5, 0x9b, 0x38, 0xd6, 0xfe, 0x11, 0x7b, 0x5a, 0xb1, 0x2c, 0x8b, 0xe6, 0xbd, 0x98, 
    0xf7, 0xea, 0xb3, 0x2e, 0x99, 0x4c, 0xea, 0x1f, 0x6f, 0x93, 0x58, 0xad, 0x56, 0x8b, 0xd1, 0xfc, 
    0xe8, 0xd1, 0x23, 0xdf, 0x6a, 0x7f, 0xea, 0xcb, 0xd0, 0xfe, 0x50, 0x21, 0x0e, 0x09, 0xfe, 0x11, 
    0xba, 0x0d, 0x73, 0x8a, 0x25, 0x35, 0xad, 0x90, 0xa8, 0x3c, 0x5b, 0x89, 0x9f, 0x3e, 0x75, 0x9a, 
    0xff, 0xb8, 0xe1, 0xb3, 0x3f, 0x62, 0x24, 0xfa, 0x0b, 0xeb, 0x68, 0x44, 0x23, 0x1a, 0xd1, 0x88, 
    0x46, 0x34, 0xa2, 0x11, 0x8d, 0x68, 0x6c, 0xed, 0xf8, 0x18, 0x49, 0x5e, 0xe8, 0xc9, 0x72, 0xa6, 
    0xfe, 0x7f, 0x00, 0x00, 0x00, 0x00, 0x49, 0x45, 0x4e, 0x44, 0xae, 0x42, 0x60, 0x82
};

// Source: https://raw.communitydragon.org/latest/game/assets/ux/minimap/icons/red.png
constexpr std::uint8_t awareness_red[] = {
    0x89, 0x50, 0x4e, 0x47, 0x0d, 0x0a, 0x1a, 0x0a, 0x00, 0x00, 0x00, 0x0d, 0x49, 0x48, 0x44, 0x52, 
    0x00, 0x00, 0x00, 0x40, 0x00, 0x00, 0x00, 0x40, 0x08, 0x06, 0x00, 0x00, 0x00, 0xaa, 0x69, 0x71, 
    0xde, 0x00, 0x00, 0x08, 0x65, 0x49, 0x44, 0x41, 0x54, 0x78, 0xda, 0xed, 0xda, 0x5f, 0x68, 0x5b, 
    0xd7, 0x1d, 0x07, 0xf0, 0xe9, 0x5a, 0x57, 0xbe, 0x91, 0xac, 0xe4, 0xc6, 0x8e, 0x63, 0x19, 0x25, 
    0xb5, 0x55, 0x07, 0xd5, 0xc2, 0xae, 0x32, 0xd9, 0xc6, 0xa9, 0xa8, 0x12, 0xd7, 0xca, 0xda, 0x6e, 
    0x8e, 0x93, 0x26, 0xf2, 0xb4, 0x26, 0x21, 0x7e, 0xd8, 0x42, 0x61, 0x4b, 0x69, 0x32, 0xcf, 0x49, 
    0xbc, 0x10, 0x6a, 0x36, 0x30, 0xec, 0x25, 0x94, 0x8d, 0x19, 0x42, 0x87, 0xb7, 0xac, 0x85, 0x40, 
    0xd9, 0x68, 0xd9, 0x4b, 0x18, 0x09, 0x74, 0xeb, 0xfe, 0x24, 0x6c, 0x6c, 0x19, 0x83, 0x81, 0xd9, 
    0x43, 0xba, 0x87, 0xac, 0x6c, 0x0f, 0xdb, 0x7b, 0xde, 0xce, 0xe9, 0xf7, 0x77, 0xf9, 0x1d, 0x73, 
    0xee, 0x3f, 0xab, 0x8e, 0xff, 0xa8, 0xb4, 0xf7, 0xc0, 0x87, 0xe3, 0x48, 0x8a, 0xee, 0xfd, 0x7e, 
    0xcf, 0xb9, 0xb6, 0x25, 0xf9, 0x0b, 0xd1, 0x88, 0x46, 0x34, 0xa2, 0x11, 0x8d, 0x68, 0x44, 0x23, 
    0x1a, 0xd1, 0xd8, 0xc0, 0x51, 0x9b, 0xaa, 0x99, 0x9f, 0xab, 0xc0, 0x37, 0x96, 0x6e, 0xb4, 0x60, 
    0x22, 0x09, 0x48, 0x82, 0x4d, 0x33, 0x4b, 0x40, 0xcb, 0xfc, 0xfc, 0x3c, 0xee, 0x5f, 0xd3, 0x30, 
    0x89, 0x65, 0x59, 0x29, 0x1d, 0x6e, 0xb3, 0x20, 0xce, 0x9a, 0x3e, 0x62, 0x5a, 0xf0, 0x34, 0x74, 
    0x41, 0x2f, 0xe4, 0x59, 0x2f, 0x64, 0xf8, 0xbe, 0x04, 0x34, 0x2c, 0x01, 0x45, 0x19, 0x1c, 0x3e, 
    0x09, 0x1d, 0x08, 0x9d, 0x85, 0xa7, 0x14, 0xdc, 0xb6, 0x07, 0x76, 0x65, 0xf7, 0x64, 0x9d, 0x22, 
    0xa4, 0x94, 0xb1, 0x66, 0x17, 0x90, 0xb0, 0x6d, 0x9b, 0xc2, 0x15, 0x4c, 0xd3, 0x2c, 0x60, 0xfe, 
    0x92, 0xc7, 0x00, 0xb3, 0x48, 0xad, 0xb6, 0xfa, 0xe5, 0x31, 0x32, 0x3c, 0x42, 0xf7, 0x93, 0x7e, 
    0x76, 0xd0, 0x30, 0x8c, 0x93, 0x98, 0xc9, 0x41, 0x78, 0x9a, 0x24, 0x93, 0xc9, 0x14, 0x66, 0x40, 
    0xa9, 0xcd, 0x18, 0xdc, 0xbc, 0x09, 0x4e, 0x78, 0xf6, 0x6d, 0xf8, 0x08, 0x24, 0xe1, 0xaf, 0x67, 
    0xe0, 0x98, 0x56, 0xc2, 0x6a, 0x05, 0xb4, 0x78, 0xc2, 0x4f, 0xc2, 0x2f, 0xe1, 0xdf, 0x20, 0x79, 
    0xbe, 0x0d, 0xc7, 0x51, 0x36, 0x15, 0x91, 0x2a, 0x14, 0x0a, 0xdb, 0xae, 0xbe, 0x7e, 0xb5, 0xa5, 
    0x59, 0xab, 0x6f, 0x41, 0x42, 0x0b, 0x2f, 0x43, 0xe8, 0x25, 0xd8, 0x60, 0x86, 0x84, 0x4f, 0x79, 
    0xc2, 0xff, 0x1a, 0xa4, 0x0f, 0x97, 0xc0, 0xbb, 0x61, 0x07, 0x34, 0xad, 0x80, 0x36, 0x0e, 0x7f, 
    0x54, 0x3b, 0xd9, 0x30, 0x33, 0x58, 0x35, 0x2a, 0x21, 0x0f, 0x9d, 0x90, 0x04, 0x13, 0x5a, 0xa0, 
    0x95, 0xc3, 0x67, 0x7d, 0xe1, 0xc3, 0xcd, 0xf2, 0x2e, 0xd8, 0x8d, 0x5d, 0x90, 0xd8, 0xf2, 0xf4, 
    0x2f, 0xd5, 0x5e, 0x8a, 0x63, 0x6a, 0xe7, 0x55, 0x38, 0x02, 0xb2, 0x81, 0xff, 0xc1, 0x15, 0x9c, 
    0x74, 0x1d, 0x86, 0xe9, 0xff, 0x32, 0x9b, 0x0d, 0xb1, 0xaf, 0xc2, 0x2d, 0x90, 0x0d, 0xbc, 0x87, 
    0xe7, 0xa9, 0x5a, 0x71, 0x6b, 0x2f, 0xa0, 0xc0, 0xad, 0x1f, 0x71, 0xe8, 0xe2, 0x02, 0x7e, 0x00, 
    0x52, 0xb7, 0x78, 0xbc, 0x37, 0xac, 0x84, 0x39, 0xc3, 0x30, 0xea, 0x98, 0x87, 0xa9, 0x08, 0x3d, 
    0x38, 0xfb, 0x29, 0x48, 0xaf, 0x37, 0x8e, 0x64, 0x69, 0xd6, 0xfd, 0x19, 0xcf, 0x43, 0x05, 0xec, 
    0x83, 0xed, 0xcd, 0x28, 0x60, 0x1b, 0xec, 0x81, 0x23, 0xde, 0x02, 0x26, 0xfa, 0x6d, 0xf9, 0xaf, 
    0x2b, 0x25, 0x9a, 0xc3, 0x56, 0xef, 0x4d, 0x98, 0x83, 0x3a, 0x85, 0x46, 0x10, 0x0a, 0x7e, 0x19, 
    0xee, 0x80, 0xf4, 0x5a, 0x9e, 0x29, 0x10, 0xef, 0xed, 0x1f, 0xc1, 0x34, 0xc2, 0x0f, 0x6c, 0x46, 
    0x01, 0x31, 0x66, 0x90, 0x7a, 0xbd, 0xde, 0x82, 0x59, 0x89, 0xf3, 0xf6, 0xdf, 0x06, 0x39, 0x2e, 
    0xe0, 0x66, 0x40, 0x01, 0x02, 0xe4, 0x81, 0x9e, 0x54, 0x58, 0x09, 0x1f, 0xb2, 0x07, 0x4a, 0xc8, 
    0xca, 0xfb, 0x0b, 0x60, 0x5c, 0xc0, 0x30, 0x74, 0x42, 0xeb, 0xcb, 0x5f, 0x7b, 0xb9, 0x95, 0xce, 
    0x8f, 0x7f, 0xf1, 0x32, 0x68, 0x06, 0x43, 0xe5, 0xf9, 0xa4, 0x3f, 0xda, 0xbc, 0xd2, 0x1e, 0xed, 
    0x9a, 0x21, 0x98, 0x82, 0xfb, 0xae, 0x93, 0xc6, 0xf6, 0x5f, 0x46, 0x01, 0x20, 0x97, 0x2f, 0x95, 
    0xc4, 0x8b, 0x4f, 0xf1, 0x4e, 0x58, 0x0b, 0xbe, 0x8c, 0xfe, 0xfb, 0x7a, 0x69, 0x45, 0x6e, 0x97, 
    0xe5, 0x7d, 0xcc, 0x3c, 0xd4, 0x2c, 0xcb, 0x2a, 0x61, 0xde, 0xc9, 0xd2, 0xc4, 0xb6, 0x6d, 0x67, 
    0xce, 0x64, 0x32, 0xae, 0x3c, 0x8d, 0xae, 0xea, 0x58, 0xf9, 0x99, 0xb2, 0xf3, 0xc0, 0x8e, 0xf6, 
    0x8e, 0x6e, 0xcc, 0x64, 0x3f, 0xc1, 0xf5, 0xaa, 0x38, 0xd7, 0x2c, 0xcd, 0xd8, 0xba, 0x53, 0xf0, 
    0x6a, 0x83, 0x02, 0x1c, 0x28, 0x61, 0xcd, 0xe1, 0xb1, 0x83, 0x54, 0x78, 0x41, 0xbc, 0x05, 0x18, 
    0x31, 0xe3, 0x87, 0x54, 0x00, 0x94, 0x14, 0xfd, 0x5c, 0xf9, 0xdc, 0xbb, 0x51, 0x46, 0x77, 0xe3, 
    0x12, 0x10, 0x1e, 0xe2, 0xfc, 0x80, 0x6e, 0x18, 0x62, 0x35, 0x82, 0xa0, 0x34, 0x93, 0x29, 0xcd, 
    0x45, 0x58, 0x80, 0xff, 0x04, 0x14, 0x40, 0x04, 0x85, 0x67, 0xe2, 0x8d, 0x63, 0xbd, 0x0d, 0x83, 
    0xf3, 0xe5, 0x43, 0x04, 0x09, 0xdb, 0x01, 0x5c, 0xc0, 0x2d, 0xcc, 0xb3, 0x44, 0x9d, 0x1f, 0x41, 
    0x78, 0x9a, 0x95, 0x21, 0xd6, 0xcd, 0xbb, 0xa1, 0x05, 0x62, 0x41, 0x05, 0x18, 0x60, 0xf1, 0xca, 
    0x0f, 0xc1, 0x11, 0x78, 0x2f, 0xe0, 0xda, 0x7c, 0xa4, 0x59, 0x56, 0xab, 0x1f, 0x52, 0x00, 0x82, 
    0xeb, 0x25, 0x20, 0x18, 0x82, 0x2c, 0x4e, 0xf5, 0x0a, 0x26, 0x17, 0xbe, 0x9c, 0x15, 0xe4, 0xde, 
    0x6b, 0x05, 0x09, 0x14, 0xdc, 0x45, 0x2b, 0x40, 0x9c, 0x3d, 0xd0, 0xe9, 0x2d, 0xec, 0xff, 0xb0, 
    0xec, 0x39, 0x27, 0xa9, 0x79, 0x00, 0xef, 0xc2, 0x04, 0x2e, 0x13, 0xa7, 0x04, 0xb0, 0xf8, 0xfb, 
    0x83, 0x6f, 0xb4, 0x80, 0x0d, 0xfb, 0xe0, 0x30, 0x7c, 0x00, 0xf2, 0x71, 0x2c, 0x1c, 0xcb, 0xcb, 
    0x7b, 0x97, 0xca, 0x8e, 0xbf, 0xa1, 0x00, 0x0d, 0x4a, 0xf0, 0x94, 0x72, 0xc5, 0xed, 0x9f, 0x73, 
    0x25, 0x01, 0x92, 0x09, 0xfd, 0xf1, 0x93, 0x85, 0xc7, 0xfb, 0x5e, 0xc2, 0x59, 0xaa, 0xd0, 0x87, 
    0x05, 0x4e, 0x73, 0x56, 0xdf, 0x48, 0x40, 0x07, 0x17, 0xf0, 0x7d, 0x90, 0x8f, 0x8b, 0x82, 0x2b, 
    0x7f, 0x9a, 0x1d, 0x16, 0x20, 0x09, 0x95, 0x70, 0x1f, 0xb3, 0xee, 0xef, 0x97, 0x87, 0x05, 0x48, 
    0xe5, 0x1f, 0x97, 0x4b, 0x44, 0x30, 0xad, 0xac, 0x75, 0x14, 0x00, 0x9c, 0xa9, 0x0f, 0x76, 0xad, 
    0x56, 0x40, 0x17, 0xae, 0x1f, 0x5a, 0xfd, 0xb7, 0x40, 0x6e, 0xc4, 0x0e, 0x40, 0x70, 0x45, 0x80, 
    0x5e, 0x80, 0x08, 0x28, 0xc0, 0xd9, 0x25, 0xe0, 0x84, 0x57, 0x3b, 0x66, 0x83, 0x0a, 0xf8, 0x39, 
    0x54, 0x21, 0x03, 0x89, 0xc0, 0x02, 0x52, 0xc9, 0x54, 0x68, 0x01, 0x0b, 0x87, 0x92, 0x8e, 0xf9, 
    0x67, 0x4d, 0x01, 0x52, 0x99, 0x1e, 0x30, 0x57, 0x2d, 0xe0, 0xf7, 0xdf, 0x19, 0xd5, 0x89, 0xbb, 
    0x98, 0x61, 0x65, 0xfe, 0xcb, 0xec, 0xa8, 0x64, 0x02, 0x28, 0x34, 0x6b, 0x5c, 0xc0, 0x8b, 0x39, 
    0xc3, 0x39, 0xfe, 0xb5, 0x71, 0x8b, 0x08, 0x50, 0xe7, 0xb9, 0xf6, 0x02, 0x4a, 0x23, 0x25, 0xd3, 
    0xde, 0x69, 0x77, 0xd0, 0x0b, 0x0c, 0xc3, 0x30, 0x66, 0xbd, 0x4f, 0x30, 0xd8, 0x69, 0xc8, 0x05, 
    0x1c, 0x60, 0xf1, 0x2b, 0x36, 0x11, 0x20, 0xc9, 0x12, 0xbe, 0x1e, 0xc9, 0xb8, 0x4b, 0x38, 0x79, 
    0x68, 0x50, 0x2e, 0x4c, 0x57, 0x1d, 0xbf, 0x38, 0x57, 0x91, 0xef, 0xcf, 0x94, 0x57, 0x7c, 0x70, 
    0x61, 0x58, 0x87, 0x12, 0xdc, 0xee, 0xcd, 0x94, 0x56, 0xfc, 0xea, 0xdc, 0xa8, 0xf3, 0x1c, 0xca, 
    0x60, 0xcf, 0x6e, 0xd7, 0x71, 0x28, 0xf4, 0xe2, 0x0b, 0x36, 0x91, 0x8c, 0xce, 0x91, 0xce, 0x35, 
    0xa8, 0x80, 0x8b, 0xc8, 0x56, 0xe4, 0xcb, 0xdc, 0x04, 0xdf, 0x30, 0x20, 0x0d, 0x4f, 0xc3, 0x71, 
    0xb8, 0x1d, 0x54, 0x02, 0x42, 0xbb, 0x2c, 0xc1, 0x2a, 0x05, 0x78, 0x8b, 0x10, 0x08, 0xed, 0xf2, 
    0xfe, 0x85, 0x51, 0xc9, 0x5c, 0x05, 0xfc, 0xe4, 0x6c, 0x85, 0xfe, 0xdf, 0x5a, 0x0b, 0x08, 0x0c, 
    0xcf, 0x59, 0x4e, 0x40, 0x91, 0x33, 0x9a, 0x10, 0x38, 0x2c, 0x48, 0xad, 0x56, 0xc2, 0x68, 0xd6, 
    0xf4, 0x16, 0x20, 0xbe, 0xf9, 0x45, 0xf7, 0x96, 0xc3, 0x89, 0xf2, 0x49, 0xfb, 0x4b, 0xb8, 0x73, 
    0x7e, 0x54, 0x80, 0x9a, 0x29, 0xb8, 0x00, 0x35, 0x87, 0x86, 0x07, 0x5f, 0x30, 0x14, 0xa0, 0x82, 
    0x0b, 0x32, 0xd1, 0x67, 0x35, 0x0a, 0xdf, 0xc6, 0x19, 0x43, 0x87, 0xa1, 0x15, 0x40, 0x97, 0x02, 
    0x95, 0xf0, 0x57, 0x90, 0x8a, 0x15, 0x77, 0x97, 0xb0, 0x04, 0xe1, 0x05, 0xf8, 0xdd, 0x7a, 0xad, 
    0xac, 0x08, 0x2a, 0x81, 0xbf, 0x56, 0x05, 0x84, 0x86, 0xc7, 0xae, 0x72, 0x1d, 0xa3, 0xd8, 0x69, 
    0xa8, 0x1d, 0x20, 0x49, 0x48, 0xf8, 0xfb, 0x7a, 0x78, 0x66, 0x40, 0xc3, 0x77, 0x79, 0x76, 0xc2, 
    0x93, 0x50, 0x81, 0x3a, 0x7c, 0x08, 0xee, 0x6d, 0x5e, 0x4c, 0xca, 0x85, 0xe7, 0x6d, 0xc8, 0x10, 
    0x81, 0xdb, 0x82, 0x2f, 0x83, 0x33, 0x1e, 0xb8, 0xed, 0xdd, 0x6f, 0x95, 0x15, 0xc1, 0x24, 0xb9, 
    0xf1, 0x4a, 0x45, 0x7e, 0xef, 0xcc, 0xb8, 0xcb, 0xd5, 0x53, 0x55, 0x47, 0x61, 0xaf, 0x7b, 0xfb, 
    0x8f, 0xe5, 0x52, 0x72, 0xfe, 0x30, 0x8a, 0x1e, 0xb7, 0xe5, 0xc9, 0x81, 0x64, 0xd8, 0x8b, 0xad, 
    0x3a, 0x67, 0x78, 0x92, 0x33, 0x59, 0x9c, 0x71, 0xf5, 0x31, 0x31, 0x31, 0xa1, 0x97, 0x30, 0x0c, 
    0x73, 0x20, 0xbd, 0x54, 0x01, 0x64, 0xb0, 0xcb, 0x92, 0x01, 0x25, 0x04, 0x16, 0x40, 0x41, 0x55, 
    0x70, 0x1d, 0xee, 0xf3, 0x16, 0xe0, 0x0f, 0xcf, 0x10, 0x5e, 0x70, 0x01, 0x81, 0xe1, 0xb1, 0x7b, 
    0xe7, 0xf8, 0xdc, 0xb5, 0xf0, 0x6b, 0x1b, 0xaa, 0x84, 0xe1, 0x90, 0x12, 0x10, 0xda, 0xa4, 0xf0, 
    0x82, 0xd1, 0x6d, 0x3e, 0xd5, 0x62, 0xce, 0x53, 0x40, 0xe0, 0x2e, 0xa0, 0x52, 0x02, 0x0b, 0xe0, 
    0xf0, 0x81, 0xab, 0x0f, 0x62, 0xb0, 0xd3, 0x0c, 0x3a, 0x2e, 0x87, 0x87, 0x06, 0xe1, 0x1b, 0xee, 
    0x84, 0xf4, 0xf6, 0x74, 0x3b, 0x3f, 0x51, 0x1d, 0xde, 0xf4, 0x5f, 0x0a, 0xbc, 0x0b, 0x00, 0x5f, 
    0x37, 0x2e, 0x61, 0x3a, 0x78, 0x17, 0xfc, 0xe8, 0xeb, 0x63, 0xbe, 0x02, 0x32, 0x76, 0xf0, 0xf3, 
    0xa9, 0xf0, 0x28, 0x22, 0xec, 0xcd, 0x16, 0x7a, 0xdb, 0x6d, 0x7d, 0xe1, 0x79, 0x18, 0xd0, 0xa6, 
    0xbd, 0x3a, 0x3c, 0x05, 0x77, 0x41, 0xea, 0xbe, 0xfb, 0x5c, 0x56, 0x30, 0xe7, 0x97, 0x15, 0xbc, 
    0xa8, 0x02, 0xc6, 0x8f, 0x99, 0x3e, 0x94, 0x97, 0xd7, 0xa6, 0xcb, 0x50, 0x75, 0x2c, 0x22, 0xf0, 
    0x4d, 0x04, 0x67, 0xda, 0xed, 0x00, 0xa5, 0x5e, 0xff, 0xca, 0xe7, 0x3b, 0x2d, 0x79, 0xb9, 0x9a, 
    0x25, 0x82, 0x58, 0x71, 0x5f, 0xf8, 0xbb, 0x38, 0xe6, 0x29, 0x18, 0x82, 0x6e, 0x68, 0xe3, 0x6b, 
    0x7e, 0xdd, 0x43, 0x95, 0x30, 0x06, 0x17, 0x40, 0xea, 0x2a, 0xbd, 0x69, 0x2a, 0xc1, 0x31, 0x5b, 
    0xc9, 0x10, 0x77, 0x01, 0x8c, 0x0a, 0xa0, 0xe0, 0xca, 0x12, 0x76, 0x01, 0xd3, 0x6e, 0xaf, 0xca, 
    0x6f, 0x3c, 0x37, 0x18, 0x18, 0x7e, 0x76, 0x3c, 0x43, 0xe1, 0x1d, 0x63, 0x7d, 0x69, 0x6f, 0x01, 
    0x0f, 0xe1, 0x3c, 0x8e, 0x39, 0xa6, 0x85, 0xdf, 0xd0, 0xd1, 0x06, 0x79, 0x7e, 0xdd, 0xfd, 0x4e, 
    0xd8, 0x2e, 0x40, 0x78, 0x22, 0x81, 0x0b, 0x70, 0xef, 0x02, 0x84, 0x0d, 0x2b, 0x80, 0xe7, 0x6a, 
    0x68, 0x78, 0xbd, 0x00, 0x0a, 0xef, 0x29, 0xe0, 0x1d, 0x38, 0x81, 0x63, 0xe6, 0x37, 0x23, 0xbc, 
    0xbe, 0x0b, 0x46, 0xe1, 0x02, 0x3c, 0x0c, 0xda, 0x05, 0x5a, 0x01, 0xc2, 0xfb, 0xbb, 0x7b, 0xb1, 
    0xa7, 0x43, 0x05, 0x0e, 0x2b, 0x22, 0x70, 0xf5, 0x11, 0x5c, 0x80, 0x04, 0xb5, 0xfa, 0xde, 0x02, 
    0x1e, 0x62, 0x61, 0x4e, 0xe0, 0xba, 0x1f, 0xd9, 0x94, 0xd5, 0xe7, 0x11, 0x87, 0xed, 0x50, 0xc0, 
    0xc1, 0x8e, 0x62, 0x5e, 0x04, 0xa9, 0x3b, 0x5b, 0xc9, 0xc9, 0x73, 0x63, 0xbd, 0x3a, 0x5f, 0x98, 
    0x9b, 0xaf, 0x94, 0x5d, 0xae, 0xa3, 0x80, 0xb7, 0x11, 0x5c, 0x99, 0x2c, 0x66, 0xdd, 0xef, 0x10, 
    0x15, 0x33, 0xf2, 0xd5, 0xf1, 0x9c, 0x22, 0x4e, 0x3f, 0x13, 0xf8, 0xd3, 0xe6, 0xc7, 0x30, 0x69, 
    0x59, 0x56, 0x3f, 0xe6, 0x34, 0xbf, 0x89, 0xbb, 0xe1, 0xc3, 0xf0, 0x7c, 0x14, 0x76, 0x14, 0xa4, 
    0x2e, 0xb7, 0x2b, 0x45, 0xa1, 0x05, 0x93, 0x24, 0x9f, 0x49, 0xba, 0x1e, 0x73, 0xfe, 0x70, 0xde, 
    0x55, 0xc0, 0x35, 0xfe, 0x91, 0xa8, 0xe4, 0xbb, 0xd2, 0xde, 0x02, 0x04, 0x85, 0x57, 0x9e, 0x68, 
    0xb7, 0x82, 0x0a, 0x98, 0x84, 0x7e, 0x30, 0xd9, 0xa6, 0x8d, 0xb8, 0x56, 0x40, 0xe0, 0x2e, 0x28, 
    0xe7, 0x6c, 0xa9, 0x17, 0x50, 0xde, 0x67, 0xaf, 0xab, 0x00, 0xb5, 0xf2, 0xa4, 0x90, 0xb5, 0x43, 
    0x57, 0x1f, 0xfa, 0x33, 0x99, 0x0c, 0x85, 0x8f, 0xc1, 0xa6, 0x0d, 0x03, 0x12, 0x9e, 0x12, 0x7e, 
    0xe7, 0x7d, 0xad, 0x00, 0x5c, 0x84, 0xbf, 0x80, 0x03, 0xb9, 0x8e, 0xd0, 0x02, 0x70, 0x09, 0xb8, 
    0xc3, 0x71, 0x01, 0xb4, 0x0b, 0xb0, 0xbd, 0x25, 0x78, 0xef, 0xff, 0xed, 0x56, 0xae, 0xbe, 0x3e, 
    0x5a, 0xa1, 0x0b, 0x0e, 0xc0, 0xa5, 0xb0, 0x0f, 0x35, 0x52, 0x96, 0x29, 0xfb, 0x78, 0x45, 0x75, 
    0xe5, 0xbe, 0x8e, 0x95, 0xd0, 0x8b, 0xd3, 0x25, 0xc5, 0xf7, 0x38, 0x33, 0x6e, 0xc8, 0xa4, 0x65, 
    0xfa, 0x6e, 0x67, 0x0f, 0x60, 0x0a, 0x7b, 0x72, 0x14, 0xba, 0x60, 0x4b, 0x3f, 0x1f, 0x6c, 0xcd, 
    0xee, 0xc9, 0xee, 0xc0, 0xdc, 0x03, 0x25, 0xbd, 0x84, 0xb5, 0xa0, 0x22, 0x4a, 0x3d, 0x36, 0x09, 
    0x7f, 0x5c, 0x78, 0xf8, 0x4b, 0xa6, 0x69, 0x96, 0x10, 0xfc, 0x09, 0xd8, 0xb1, 0xb5, 0x05, 0x70, 
    0x09, 0xb0, 0x03, 0x4a, 0x74, 0x22, 0xb4, 0x1a, 0x70, 0x07, 0xe4, 0x26, 0xbb, 0xc3, 0xc7, 0x2a, 
    0xd1, 0x27, 0x42, 0xcd, 0x09, 0xcf, 0x03, 0xbb, 0xc0, 0x29, 0x81, 0x68, 0x25, 0x5c, 0x84, 0x3f, 
    0x6c, 0x42, 0xf0, 0x3f, 0xc2, 0x9c, 0x0a, 0xcf, 0xc7, 0xe5, 0xf0, 0xcd, 0x1b, 0x31, 0x30, 0x21, 
    0x09, 0x9d, 0x90, 0x87, 0x22, 0x3c, 0x0f, 0x67, 0xe0, 0x2d, 0xb8, 0xbd, 0x8e, 0xd0, 0xb7, 0xe1, 
    0x6d, 0x2e, 0xf5, 0x05, 0xd8, 0x0f, 0xfd, 0xb0, 0x1b, 0x52, 0x83, 0x03, 0x83, 0xfc, 0x5d, 0xbf, 
    0xc9, 0xa3, 0x5e, 0xaf, 0xab, 0x12, 0x6c, 0xe8, 0x82, 0xa2, 0x56, 0x44, 0x8d, 0x5d, 0x34, 0x0c, 
    0xe3, 0x3a, 0xe6, 0x9f, 0xc1, 0x6f, 0x82, 0xe0, 0x7e, 0xba, 0xef, 0x3a, 0x07, 0xae, 0x11, 0x15, 
    0x9c, 0x65, 0x60, 0x27, 0xa4, 0xc0, 0xd4, 0x16, 0xe1, 0x53, 0x33, 0xd4, 0x8a, 0x74, 0x69, 0xf6, 
    0x33, 0xf5, 0x81, 0xe5, 0x41, 0x05, 0x81, 0x1d, 0xea, 0xdf, 0xb8, 0x9f, 0x78, 0x1f, 0x9f, 0xd1, 
    0xc4, 0x78, 0xd5, 0x9b, 0x38, 0xd6, 0xfe, 0x11, 0x7b, 0x5a, 0xb1, 0x2c, 0x8b, 0xe6, 0xbd, 0x98, 
    0xf7, 0xea, 0xb3, 0x2e, 0x99, 0x4c, 0xea, 0x1f, 0x6f, 0x93, 0x58, 0xad, 0x56, 0x8b, 0xd1, 0xfc, 
    0xe8, 0xd1, 0x23, 0xdf, 0x6a, 0x7f, 0xea, 0xcb, 0xd0, 0xfe, 0x50, 0x21, 0x0e, 0x09, 0xfe, 0x11, 
    0xba, 0x0d, 0x73, 0x8a, 0x25, 0x35, 0xad, 0x90, 0xa8, 0x3c, 0x5b, 0x89, 0x9f, 0x3e, 0x75, 0x9a, 
    0xff, 0xb8, 0xe1, 0xb3, 0x3f, 0x62, 0x24, 0xfa, 0x0b, 0xeb, 0x68, 0x44, 0x23, 0x1a, 0xd1, 0x88, 
    0x46, 0x34, 0xa2, 0x11, 0x8d, 0x68, 0x6c, 0xed, 0xf8, 0x18, 0x49, 0x5e, 0xe8, 0xc9, 0x72, 0xa6, 
    0xfe, 0x7f, 0x00, 0x00, 0x00, 0x00, 0x49, 0x45, 0x4e, 0x44, 0xae, 0x42, 0x60, 0x82
};

// Source: https://raw.communitydragon.org/latest/game/assets/ux/minimap/icons/jungle_camp_current.png
constexpr std::uint8_t awareness_camp[] = {
    0x89, 0x50, 0x4e, 0x47, 0x0d, 0x0a, 0x1a, 0x0a, 0x00, 0x00, 0x00, 0x0d, 0x49, 0x48, 0x44, 0x52, 
    0x00, 0x00, 0x00, 0x20, 0x00, 0x00, 0x00, 0x20, 0x08, 0x06, 0x00, 0x00, 0x00, 0x73, 0x7a, 0x7a, 
    0xf4, 0x00, 0x00, 0x04, 0x87, 0x49, 0x44, 0x41, 0x54, 0x78, 0xda, 0xd5, 0x97, 0x5f, 0x68, 0x5b, 
    0x55, 0x1c, 0x80, 0x7b, 0xeb, 0x8d, 0x5e, 0x30, 0xc2, 0xe2, 0x10, 0x72, 0x5b, 0xd6, 0x5a, 0x1f, 
    0x84, 0x4e, 0xdb, 0x1a, 0x18, 0x94, 0x34, 0xa5, 0xb8, 0x22, 0x6c, 0x0d, 0xdb, 0x4b, 0x1e, 0xec, 
    0xbc, 0x6b, 0xb5, 0x58, 0xbb, 0x21, 0xbe, 0x08, 0x05, 0x5f, 0xb2, 0xbd, 0x8c, 0xe1, 0x83, 0x8c, 
    0xe1, 0x1f, 0x50, 0xb0, 0xe0, 0x43, 0x5f, 0x84, 0x8e, 0xa9, 0xdb, 0x98, 0xb0, 0x0a, 0x43, 0x36, 
    0x47, 0xe7, 0xaa, 0x2b, 0xa3, 0x50, 0x1f, 0x0a, 0x01, 0x11, 0x5a, 0x03, 0x5d, 0xc3, 0xb0, 0xdb, 
    0x6d, 0xea, 0xe0, 0xf8, 0xfd, 0x2e, 0xe7, 0x5c, 0x2e, 0x49, 0x6a, 0x32, 0x99, 0x83, 0x05, 0x3e, 
    0x72, 0x69, 0x4f, 0xee, 0xf7, 0xdd, 0x73, 0x6e, 0x4e, 0x92, 0xa6, 0xc7, 0xf2, 0xe1, 0x2f, 0x8e, 
    0xdb, 0x21, 0x57, 0x73, 0x21, 0xff, 0xbf, 0x78, 0x3a, 0x67, 0x69, 0xb1, 0xa3, 0x89, 0x23, 0x16, 
    0x1c, 0x8d, 0xad, 0x66, 0x26, 0xad, 0x87, 0x22, 0x53, 0x5f, 0x0d, 0x5a, 0x02, 0x52, 0x43, 0x33, 
    0xc4, 0xb4, 0x38, 0x01, 0x2e, 0xb4, 0x21, 0x15, 0x5c, 0x48, 0x40, 0x9c, 0x80, 0x18, 0x3c, 0x01, 
    0x56, 0x80, 0xea, 0x10, 0x1a, 0x8f, 0x2a, 0x7d, 0xda, 0x69, 0x95, 0xaf, 0x7b, 0x96, 0xfa, 0x63, 
    0x32, 0xc0, 0x9f, 0x43, 0x18, 0xe5, 0x97, 0xb1, 0x96, 0xd2, 0xb5, 0xd1, 0x16, 0x9e, 0xfb, 0xe0, 
    0xb0, 0xff, 0xf3, 0xd8, 0x08, 0x64, 0xa0, 0x35, 0x60, 0x9e, 0x31, 0x11, 0xd4, 0xbc, 0x17, 0x7f, 
    0xa0, 0x2b, 0xdf, 0x38, 0xbb, 0x57, 0x02, 0x84, 0x84, 0x80, 0xb4, 0x25, 0x42, 0x17, 0xf2, 0x3e, 
    0xcd, 0x31, 0x02, 0x0a, 0x48, 0x0b, 0xa5, 0xab, 0xa3, 0xc7, 0x20, 0x23, 0x21, 0x48, 0xbb, 0xa1, 
    0xd5, 0x20, 0x01, 0x0d, 0x47, 0x28, 0x95, 0x0f, 0xe5, 0x9a, 0x17, 0x44, 0xaa, 0x79, 0x55, 0x58, 
    0xbd, 0xec, 0x1d, 0x86, 0x40, 0x0e, 0x0a, 0xa9, 0x50, 0x90, 0xbf, 0xc1, 0x08, 0xd2, 0xbd, 0x9a, 
    0x6e, 0x01, 0x79, 0xb2, 0xe1, 0x08, 0x02, 0x82, 0x69, 0x37, 0x72, 0x96, 0xe3, 0x83, 0xa5, 0x8f, 
    0x5f, 0x3a, 0xb5, 0x72, 0x66, 0xdf, 0x11, 0xe4, 0x01, 0x51, 0xb9, 0x09, 0x88, 0x46, 0x20, 0x3d, 
    0x2a, 0xac, 0x9c, 0x79, 0xed, 0xe8, 0xd2, 0xa9, 0x17, 0x4f, 0x7f, 0xfb, 0x51, 0xff, 0xb0, 0x44, 
    0x34, 0x16, 0xf0, 0x1b, 0x37, 0xdd, 0xbc, 0xf7, 0x14, 0x24, 0x61, 0xf7, 0xd2, 0xe7, 0xa9, 0x13, 
    0x37, 0x4f, 0x74, 0x28, 0xcd, 0xfa, 0xf2, 0x54, 0xef, 0xaf, 0xfe, 0x9c, 0x77, 0x1b, 0x94, 0x30, 
    0xf9, 0xf6, 0x80, 0x2f, 0xc8, 0xb1, 0x66, 0x7d, 0xf9, 0xcb, 0xde, 0x45, 0xc6, 0x16, 0x41, 0x09, 
    0xab, 0xdf, 0x64, 0x0f, 0xa9, 0x85, 0xf1, 0x0e, 0xff, 0x27, 0x6f, 0x67, 0xe9, 0x52, 0xee, 0xc9, 
    0x07, 0x0a, 0x58, 0xbb, 0x74, 0xe0, 0xcd, 0x30, 0x00, 0x8a, 0x17, 0x0f, 0xaa, 0x88, 0xbc, 0x9c, 
    0x7a, 0x25, 0xe5, 0xc3, 0x5d, 0x8e, 0xb7, 0xcc, 0xdf, 0x8b, 0xe7, 0x0f, 0x86, 0xe3, 0xa1, 0x88, 
    0x38, 0x4b, 0x40, 0x0f, 0xec, 0xe4, 0xb8, 0x6e, 0x40, 0x73, 0x24, 0x20, 0x03, 0x12, 0xb0, 0x12, 
    0xca, 0x17, 0xc6, 0x2b, 0xe5, 0x21, 0x26, 0x82, 0xe9, 0x8f, 0x46, 0x5c, 0x47, 0x7a, 0x08, 0xc2, 
    0x00, 0x35, 0x9f, 0xb5, 0xb6, 0x95, 0x43, 0x4c, 0x07, 0xec, 0x86, 0x0c, 0x33, 0xf0, 0x3e, 0xd3, 
    0x7e, 0xcd, 0xc8, 0xa1, 0x52, 0x5e, 0x1d, 0x41, 0x80, 0x89, 0x80, 0x0b, 0x4c, 0xfb, 0x11, 0xc4, 
    0xfd, 0xb2, 0x0c, 0x12, 0x41, 0x40, 0x0c, 0xac, 0x1a, 0x01, 0x9e, 0x0d, 0x0e, 0x37, 0x93, 0xcb, 
    0x5b, 0x2a, 0xcd, 0x0d, 0xe5, 0x41, 0xbe, 0x62, 0xcd, 0xcb, 0x9d, 0x2f, 0xa7, 0x36, 0xc1, 0xaf, 
    0xc1, 0xa6, 0x20, 0x63, 0xcc, 0x78, 0xb8, 0xbd, 0x3a, 0xeb, 0xe5, 0xc1, 0x2b, 0x5d, 0x19, 0x4d, 
    0xfb, 0x37, 0xc6, 0x5c, 0x35, 0x97, 0x8b, 0x83, 0x5d, 0x53, 0x0e, 0x3b, 0x24, 0x00, 0x71, 0x1a, 
    0xf2, 0x1c, 0x17, 0x2a, 0xd7, 0x5c, 0x24, 0x86, 0xf7, 0xde, 0x1a, 0x28, 0x0b, 0xd1, 0x28, 0x19, 
    0x13, 0x8d, 0x40, 0x5a, 0x40, 0x9e, 0x8f, 0x04, 0x24, 0xc0, 0xd9, 0x2e, 0x20, 0x89, 0x34, 0xcd, 
    0x0c, 0x04, 0x72, 0xa8, 0x5a, 0x73, 0x73, 0xb5, 0x67, 0x3f, 0x3b, 0x70, 0xbf, 0xc4, 0xff, 0x04, 
    0x39, 0x36, 0x11, 0x66, 0x9c, 0x89, 0x40, 0x1a, 0x46, 0xf0, 0x9c, 0x46, 0xee, 0x82, 0x03, 0x76, 
    0x65, 0x40, 0x1c, 0x76, 0x21, 0xf5, 0x8c, 0x1c, 0x44, 0x6e, 0x4e, 0x1a, 0x06, 0x70, 0xd5, 0x5b, 
    0x46, 0x6e, 0xd0, 0x33, 0x51, 0x79, 0x4f, 0xf8, 0x48, 0xc3, 0x08, 0xf0, 0x10, 0xb7, 0x55, 0x2d, 
    0x83, 0x5a, 0xf0, 0x6c, 0x88, 0xc3, 0x2e, 0x36, 0x97, 0x91, 0xc8, 0x46, 0x63, 0x02, 0xee, 0x56, 
    0x04, 0x94, 0xff, 0x25, 0xe0, 0x9e, 0x81, 0xd7, 0xde, 0x33, 0xe7, 0x81, 0x02, 0x78, 0x8a, 0x0f, 
    0x2f, 0x88, 0x43, 0x55, 0x80, 0x03, 0x49, 0x06, 0x65, 0xcc, 0x3e, 0x0f, 0x66, 0x09, 0xb6, 0x22, 
    0x01, 0x9b, 0x75, 0x96, 0x40, 0xcb, 0xf5, 0x12, 0x68, 0x39, 0xe7, 0xcc, 0x43, 0x1a, 0xb1, 0x0b, 
    0xce, 0x76, 0x01, 0x3b, 0x18, 0xdc, 0xca, 0xc0, 0x8c, 0xd9, 0x72, 0x39, 0x49, 0x18, 0x51, 0xe7, 
    0x26, 0x0c, 0x60, 0x4c, 0xd9, 0xc8, 0x21, 0x90, 0x73, 0xae, 0x40, 0x0e, 0x49, 0xc4, 0x89, 0xa8, 
    0xbc, 0x6a, 0x19, 0x22, 0x01, 0x23, 0x12, 0x21, 0xdb, 0x6b, 0x34, 0xc2, 0x88, 0x1a, 0x7c, 0x1b, 
    0xae, 0x89, 0x1c, 0x3c, 0x09, 0xe0, 0xdc, 0x12, 0xe0, 0xd4, 0x0e, 0xb8, 0xec, 0x59, 0x10, 0xd3, 
    0x9f, 0xe3, 0x3d, 0x30, 0x08, 0xef, 0x2e, 0x7f, 0x91, 0xba, 0x55, 0x3c, 0x97, 0x55, 0x1c, 0x43, 
    0x8d, 0x8d, 0x68, 0x0f, 0x68, 0x26, 0x27, 0x06, 0xca, 0x8a, 0xcd, 0x4a, 0x58, 0x67, 0xf3, 0x2a, 
    0x4c, 0xf5, 0x5e, 0xb8, 0xf3, 0x63, 0xee, 0x1d, 0x36, 0xb5, 0x3e, 0x68, 0xe7, 0x98, 0xb7, 0x60, 
    0xd6, 0x9e, 0x39, 0x99, 0xaa, 0xbd, 0x1b, 0x12, 0xd0, 0xac, 0x03, 0x5a, 0x4d, 0xc0, 0xcd, 0xe3, 
    0xc9, 0xbf, 0x40, 0xe9, 0x88, 0xea, 0xad, 0x38, 0x22, 0xe7, 0x7f, 0x46, 0x1e, 0x6e, 0xc5, 0x88, 
    0x5f, 0x87, 0x2e, 0x68, 0x5f, 0xbb, 0x98, 0xb5, 0x09, 0xa8, 0x2d, 0x37, 0xb3, 0x10, 0x09, 0xe8, 
    0xf9, 0x7d, 0xba, 0x5f, 0x02, 0x94, 0x60, 0x22, 0x2a, 0x37, 0xa6, 0xa8, 0x1c, 0x8c, 0xdc, 0x50, 
    0x44, 0xbc, 0x5f, 0x07, 0x24, 0xc0, 0x16, 0x4f, 0xc3, 0x01, 0x4b, 0xa7, 0x3b, 0x3f, 0xd1, 0xf2, 
    0x3f, 0x59, 0x8a, 0x1f, 0x08, 0xf8, 0xae, 0x62, 0x6b, 0x16, 0xb9, 0x1f, 0xdd, 0x7a, 0x65, 0xda, 
    0xe5, 0xca, 0x61, 0x03, 0xd4, 0xea, 0xcc, 0xa0, 0xcc, 0x40, 0x7b, 0x63, 0x01, 0xaa, 0xc9, 0xe2, 
    0x24, 0xc2, 0x33, 0xd0, 0x72, 0x67, 0x6a, 0xcf, 0x1b, 0xa5, 0x59, 0x6f, 0xa8, 0x7c, 0xc3, 0x1b, 
    0xda, 0xb8, 0xe2, 0x0d, 0x73, 0x3c, 0x21, 0x7b, 0xbb, 0xde, 0x54, 0x14, 0x54, 0x7e, 0x21, 0xc9, 
    0xaf, 0xcf, 0xe6, 0x26, 0x78, 0xed, 0x30, 0x0c, 0x15, 0xa6, 0x07, 0x87, 0xcb, 0x5f, 0x0f, 0xee, 
    0xbf, 0x7f, 0x6b, 0xfc, 0x39, 0x78, 0x1a, 0xea, 0x7f, 0x39, 0x35, 0x01, 0x26, 0x42, 0x2d, 0x7a, 
    0xed, 0x04, 0x74, 0x09, 0x44, 0x64, 0xf4, 0x07, 0x4b, 0x18, 0x11, 0x95, 0x83, 0xc7, 0x6b, 0x32, 
    0xd0, 0xad, 0x79, 0x3e, 0x94, 0x03, 0x31, 0xf5, 0x03, 0xb8, 0x6a, 0x6b, 0xe3, 0xdc, 0xbe, 0x30, 
    0x02, 0x71, 0x42, 0xd3, 0x2e, 0x20, 0x4f, 0x6b, 0x88, 0x08, 0xbf, 0x94, 0xe6, 0x21, 0x2d, 0x88, 
    0x54, 0xf3, 0xac, 0xa0, 0xc5, 0x82, 0xa5, 0xfe, 0x3e, 0x59, 0x3f, 0x40, 0xe4, 0xa5, 0x0f, 0x3b, 
    0x24, 0x20, 0x08, 0x61, 0x06, 0x6c, 0xc4, 0x01, 0xcc, 0x40, 0x02, 0xa9, 0x8b, 0xdc, 0xe5, 0x39, 
    0x0d, 0x1e, 0x01, 0x82, 0xc8, 0x5d, 0x9e, 0x5d, 0x2d, 0x8e, 0x19, 0x44, 0x2c, 0xf8, 0xc7, 0x3b, 
    0x74, 0xc0, 0x7f, 0xfa, 0x45, 0x94, 0xb5, 0xa0, 0x19, 0x62, 0xfe, 0xf7, 0xb9, 0x38, 0x24, 0xc0, 
    0x85, 0x36, 0x7e, 0x9c, 0x08, 0x2e, 0x24, 0xc0, 0x51, 0xe7, 0x73, 0x36, 0x58, 0x21, 0xaa, 0x09, 
    0xe9, 0x43, 0x7a, 0x48, 0x04, 0x52, 0x1b, 0x1c, 0x4d, 0x1c, 0xa9, 0xe0, 0x80, 0x0d, 0x22, 0x47, 
    0xf8, 0x08, 0x1e, 0x12, 0x22, 0x18, 0x71, 0xd3, 0xe3, 0xfa, 0xf8, 0x07, 0xff, 0xaf, 0x39, 0xa2, 
    0xe5, 0x29, 0xba, 0x35, 0x00, 0x00, 0x00, 0x00, 0x49, 0x45, 0x4e, 0x44, 0xae, 0x42, 0x60, 0x82
};

// Source: https://raw.communitydragon.org/latest/game/assets/ux/minimap/icons/questicon.png
constexpr std::uint8_t awareness_alert[] = {
    0x89, 0x50, 0x4e, 0x47, 0x0d, 0x0a, 0x1a, 0x0a, 0x00, 0x00, 0x00, 0x0d, 0x49, 0x48, 0x44, 0x52, 
    0x00, 0x00, 0x00, 0x40, 0x00, 0x00, 0x00, 0x40, 0x08, 0x06, 0x00, 0x00, 0x00, 0xaa, 0x69, 0x71, 
    0xde, 0x00, 0x00, 0x03, 0xdd, 0x49, 0x44, 0x41, 0x54, 0x78, 0xda, 0xed, 0x99, 0x5d, 0x48, 0x54, 
    0x5b, 0x18, 0x86, 0x67, 0x06, 0x67, 0x66, 0x9d, 0x69, 0xf4, 0x6c, 0x3a, 0xc9, 0x19, 0x9c, 0xf4, 
    0x28, 0x63, 0xe7, 0x9c, 0xe9, 0xc7, 0x12, 0xc3, 0x7e, 0xb4, 0x32, 0xa9, 0x26, 0xac, 0x88, 0xa4, 
    0xd2, 0xfe, 0x87, 0x2c, 0xb2, 0xac, 0x6e, 0x24, 0x2b, 0xa2, 0x28, 0x2b, 0x89, 0xe8, 0x26, 0xb0, 
    0x82, 0x6e, 0x86, 0x82, 0xea, 0xca, 0x2e, 0x02, 0xa3, 0x8c, 0xa9, 0xa0, 0x5f, 0x2a, 0xba, 0xaa, 
    0xa4, 0xbc, 0x18, 0x42, 0x22, 0x88, 0x20, 0xc8, 0x19, 0xb0, 0x6e, 0x56, 0xef, 0x1a, 0xbe, 0x2d, 
    0xab, 0x9d, 0x14, 0x41, 0x5e, 0xac, 0xf8, 0x5e, 0x78, 0x58, 0x6b, 0x6f, 0xf7, 0x5e, 0xf0, 0x3e, 
    0x6b, 0xcd, 0xbe, 0xd1, 0xc5, 0xe1, 0x70, 0x38, 0x1c, 0x0e, 0x87, 0xc3, 0xe1, 0x70, 0x38, 0x1c, 
    0x0e, 0x87, 0xc3, 0xe1, 0x70, 0x7e, 0x65, 0xdc, 0x4e, 0x7e, 0xfe, 0x1d, 0xc2, 0xb0, 0xf8, 0x34, 
    0xf2, 0x1c, 0x88, 0x1f, 0x14, 0x0e, 0x3a, 0xf0, 0x83, 0x11, 0x8b, 0x67, 0xc4, 0x45, 0x7c, 0x1b, 
    0x41, 0x38, 0xe3, 0xa3, 0xc2, 0xc3, 0xc5, 0x6f, 0xa2, 0x00, 0x1f, 0xf0, 0x83, 0x42, 0xb0, 0x4a, 
    0x8d, 0x84, 0x45, 0xe8, 0x22, 0x7c, 0x9a, 0x80, 0x42, 0xc7, 0x3b, 0xf6, 0xb3, 0x7e, 0xd3, 0x04, 
    0xf8, 0x41, 0xc1, 0xa8, 0x3c, 0xeb, 0x54, 0xc9, 0xc4, 0xf2, 0xdd, 0x6a, 0xc4, 0x75, 0x35, 0x08, 
    0x39, 0x24, 0x04, 0x89, 0xd1, 0x44, 0x11, 0xd0, 0xdf, 0xf9, 0x87, 0x9e, 0x33, 0x2a, 0x7f, 0xd0, 
    0xee, 0x55, 0x09, 0xcb, 0xba, 0xd9, 0xda, 0xd1, 0xf9, 0x7e, 0xe9, 0xfa, 0xe6, 0xf7, 0x98, 0x3f, 
    0xc0, 0xbd, 0x43, 0x60, 0x3e, 0xf8, 0x9f, 0x28, 0x21, 0x6a, 0x40, 0x5c, 0x04, 0xad, 0x9e, 0xe5, 
    0xcd, 0x7b, 0x5e, 0x83, 0x0c, 0xe6, 0x77, 0xe8, 0xd9, 0xbf, 0x49, 0x92, 0xdb, 0x34, 0x01, 0xf3, 
    0x6d, 0x01, 0x40, 0x2a, 0xca, 0x2a, 0x66, 0xf4, 0xe1, 0x7e, 0x02, 0x34, 0x51, 0xb9, 0x1a, 0xe2, 
    0x20, 0xb8, 0xa5, 0xca, 0xef, 0x3b, 0xdd, 0x25, 0x35, 0x01, 0xcb, 0x40, 0xe4, 0xb7, 0x11, 0x70, 
    0xe2, 0x6c, 0xd7, 0x27, 0x4d, 0xc2, 0x21, 0x10, 0xb7, 0xcb, 0x6f, 0xdc, 0xde, 0x9a, 0x52, 0xe5, 
    0x15, 0x65, 0x33, 0xe7, 0xfd, 0xbe, 0x02, 0x34, 0x09, 0x49, 0x90, 0xb0, 0xcb, 0x77, 0x9e, 0xef, 
    0x92, 0xb4, 0xfb, 0x46, 0x0b, 0x70, 0x93, 0x80, 0x30, 0x98, 0xe3, 0xca, 0x71, 0x25, 0x17, 0x37, 
    0x6e, 0xfc, 0xd4, 0xda, 0xde, 0xa9, 0x40, 0xf9, 0x0b, 0xd2, 0x26, 0x3a, 0xbd, 0x2e, 0x25, 0x82, 
    0xa1, 0x87, 0xf1, 0x6d, 0x6d, 0x29, 0xfb, 0xde, 0xea, 0x1d, 0xfb, 0x06, 0xab, 0x17, 0xd6, 0x0f, 
    0x16, 0x95, 0x46, 0x07, 0x49, 0x50, 0x8c, 0x3e, 0x84, 0xa3, 0x4c, 0x13, 0x30, 0x1a, 0x4c, 0x82, 
    0x80, 0xf6, 0x7f, 0xcb, 0xca, 0xfb, 0x6c, 0x01, 0x2d, 0x7b, 0x3b, 0x86, 0x04, 0xd4, 0x35, 0x36, 
    0x4b, 0x94, 0xb7, 0xaf, 0xb3, 0x73, 0xad, 0xfc, 0x2b, 0xd0, 0x0e, 0x2a, 0x40, 0xbe, 0x59, 0x02, 
    0x00, 0x09, 0x28, 0x85, 0x80, 0x05, 0x20, 0xa9, 0x24, 0xa8, 0x93, 0xa0, 0x4a, 0x43, 0x42, 0x16, 
    0xcc, 0xbf, 0x2a, 0x3f, 0xb5, 0x2a, 0x26, 0xb5, 0xf2, 0x09, 0xe7, 0xee, 0x9b, 0x25, 0x80, 0x7e, 
    0x06, 0x28, 0x1f, 0x05, 0x9b, 0x40, 0x02, 0xf4, 0xe1, 0xd8, 0x7f, 0x56, 0xc5, 0x89, 0xaf, 0xca, 
    0x8b, 0x60, 0xe8, 0x03, 0x1d, 0x7b, 0xbb, 0xfc, 0x78, 0x90, 0x6f, 0xaa, 0x80, 0x00, 0xf8, 0x4b, 
    0xe4, 0xb8, 0xca, 0xc1, 0x12, 0xb0, 0x15, 0x9c, 0x73, 0x09, 0x71, 0x3b, 0x32, 0xb9, 0xf2, 0x5d, 
    0x6c, 0xe5, 0x66, 0xd9, 0xb2, 0xbf, 0x53, 0xb6, 0x1c, 0xef, 0x92, 0x75, 0xf1, 0x3d, 0x28, 0x6f, 
    0xbd, 0x03, 0xb7, 0xa9, 0xfc, 0x16, 0xb0, 0x08, 0x4c, 0x06, 0x45, 0xc0, 0x6b, 0x63, 0x9a, 0x80, 
    0xb1, 0x9a, 0x80, 0xa3, 0x24, 0xe0, 0xaa, 0x12, 0xa0, 0xca, 0x83, 0x6c, 0x79, 0x12, 0x90, 0x02, 
    0x57, 0x49, 0xc0, 0x61, 0x92, 0x60, 0xa8, 0x00, 0xda, 0x7d, 0x30, 0x8e, 0x76, 0x3e, 0x69, 0x03, 
    0x01, 0xcf, 0x51, 0x3c, 0x0d, 0x24, 0x44, 0xc8, 0x68, 0xe5, 0x3c, 0x5d, 0xc2, 0x73, 0xbc, 0x73, 
    0x63, 0xce, 0xb4, 0x70, 0x16, 0x35, 0x27, 0x01, 0xc0, 0x3c, 0x01, 0x63, 0x41, 0x8d, 0x2a, 0xdd, 
    0xb1, 0xab, 0x36, 0x73, 0xff, 0x72, 0x53, 0x26, 0x56, 0x5d, 0xf2, 0x52, 0x2f, 0x0f, 0x19, 0x29, 
    0x55, 0x1a, 0x12, 0x86, 0x7e, 0x0a, 0x28, 0x3e, 0x90, 0xbc, 0x58, 0x3f, 0x70, 0x60, 0x67, 0xe5, 
    0x00, 0xe6, 0xbd, 0x58, 0xe3, 0x9a, 0x69, 0x02, 0x02, 0x44, 0x04, 0x34, 0x58, 0x63, 0xac, 0x87, 
    0x0d, 0x2b, 0x2a, 0x65, 0xe2, 0xf4, 0x3a, 0xf9, 0xb6, 0xf7, 0x88, 0xbc, 0x7f, 0x65, 0xb5, 0xac, 
    0xad, 0x8a, 0x48, 0x97, 0x4b, 0x3c, 0x01, 0xd7, 0x20, 0xa0, 0x1b, 0x3c, 0x5a, 0xbc, 0x60, 0x42, 
    0xfa, 0xe4, 0xc1, 0x98, 0xfc, 0xd0, 0xdb, 0x22, 0x2f, 0x9d, 0x59, 0x2a, 0x43, 0xa1, 0x90, 0xe2, 
    0x31, 0xd6, 0x58, 0x03, 0xfe, 0x03, 0xb9, 0x84, 0x51, 0x02, 0x66, 0x41, 0x40, 0x02, 0xf4, 0x3b, 
    0x04, 0xa4, 0x87, 0x13, 0xf0, 0xa2, 0xa7, 0x29, 0x2b, 0x60, 0x43, 0x43, 0x85, 0x2a, 0xff, 0x06, 
    0x5c, 0xc0, 0x1a, 0x73, 0x4d, 0x12, 0xe0, 0x1e, 0xe6, 0x04, 0xf4, 0xe0, 0x04, 0x64, 0x05, 0x60, 
    0x94, 0x47, 0xda, 0x66, 0x2b, 0x09, 0xd9, 0x11, 0x22, 0x5e, 0xa0, 0xf8, 0x33, 0xb5, 0xf3, 0xaa, 
    0x3c, 0xc6, 0x6c, 0x79, 0x12, 0xf0, 0x11, 0xdc, 0xc4, 0x1a, 0x6d, 0x0e, 0x01, 0x6e, 0x53, 0x04, 
    0xcc, 0x12, 0x42, 0xdc, 0xb2, 0xcb, 0x43, 0x84, 0xa2, 0x5f, 0xed, 0xbe, 0x2e, 0x01, 0x02, 0x86, 
    0xca, 0x8b, 0xa0, 0x95, 0xa6, 0x9d, 0xff, 0x68, 0x9f, 0x02, 0x97, 0xdb, 0x7b, 0x8f, 0x4e, 0x81, 
    0x31, 0x02, 0x04, 0xb1, 0x16, 0x05, 0x9e, 0xd6, 0xaf, 0x6a, 0x4a, 0x87, 0x0b, 0x4b, 0xd2, 0xb8, 
    0x7e, 0x06, 0xba, 0xc3, 0xf9, 0xde, 0xde, 0x68, 0xb1, 0xc8, 0x28, 0x30, 0xcf, 0x84, 0xc6, 0x88, 
    0x21, 0xac, 0x5c, 0xaf, 0xfa, 0xe8, 0x5d, 0x04, 0x77, 0xc3, 0xc5, 0xc5, 0xfd, 0xd1, 0x29, 0xe5, 
    0xfd, 0x90, 0xf2, 0x84, 0xbe, 0x03, 0x7e, 0xc2, 0x18, 0x01, 0xa5, 0x60, 0x2d, 0xe8, 0x26, 0x76, 
    0x83, 0x46, 0x70, 0x20, 0x37, 0xe0, 0xb9, 0xae, 0x44, 0xa8, 0x51, 0xf8, 0x3c, 0xd7, 0x55, 0x71, 
    0x35, 0xe2, 0x6f, 0xfb, 0xc1, 0x36, 0xe2, 0x18, 0xb8, 0x4b, 0xe5, 0x23, 0x26, 0x0a, 0xb0, 0x25, 
    0x14, 0x80, 0x19, 0x1a, 0xb5, 0x20, 0xae, 0xb1, 0x41, 0x63, 0x2e, 0x28, 0x73, 0x40, 0xe5, 0x09, 
    0x03, 0x22, 0x1c, 0x14, 0x38, 0x18, 0xe7, 0xa0, 0xd4, 0x81, 0xe5, 0xc0, 0xef, 0xc0, 0x88, 0x78, 
    0x08, 0xaf, 0x86, 0x8f, 0x84, 0x04, 0x40, 0x10, 0xfc, 0x49, 0xe4, 0x11, 0x41, 0x10, 0xa0, 0x92, 
    0x3e, 0xc2, 0x0b, 0x72, 0x68, 0x2d, 0x37, 0x30, 0x3e, 0x6e, 0xe0, 0xf9, 0x1e, 0xfc, 0xcf, 0x34, 
    0x0e, 0x87, 0xc3, 0xe1, 0x70, 0x38, 0x1c, 0x0e, 0x87, 0xc3, 0xe1, 0x70, 0x38, 0x1c, 0xce, 0xc8, 
    0xe6, 0x0b, 0xc5, 0x53, 0xcf, 0x1b, 0x16, 0x88, 0xf7, 0xd4, 0x00, 0x00, 0x00, 0x00, 0x49, 0x45, 
    0x4e, 0x44, 0xae, 0x42, 0x60, 0x82
};

struct Entry final { const char* key; const std::uint8_t* bytes; std::size_t size; };

constexpr Entry kEntries[] = {
    {"awareness_baron", awareness_baron, sizeof(awareness_baron)},
    {"awareness_dragon", awareness_dragon, sizeof(awareness_dragon)},
    {"awareness_elder_dragon", awareness_elder_dragon, sizeof(awareness_elder_dragon)},
    {"awareness_riftherald", awareness_riftherald, sizeof(awareness_riftherald)},
    {"awareness_grub", awareness_grub, sizeof(awareness_grub)},
    {"awareness_ward_enemy", awareness_ward_enemy, sizeof(awareness_ward_enemy)},
    {"awareness_ward_ally", awareness_ward_ally, sizeof(awareness_ward_ally)},
    {"awareness_blue", awareness_blue, sizeof(awareness_blue)},
    {"awareness_red", awareness_red, sizeof(awareness_red)},
    {"awareness_camp", awareness_camp, sizeof(awareness_camp)},
    {"awareness_alert", awareness_alert, sizeof(awareness_alert)},
};

} // namespace

void Load() {
    int loaded = 0;
    for (const Entry& entry : kEntries) {
        if (SDK::UI::Icons::HasIcon(entry.key)) {
            continue;
        }
        if (SDK::UI::Icons::LoadIconFromBytes(
                entry.key, entry.bytes, static_cast<int>(entry.size))) {
            ++loaded;
        }
    }
    if (loaded > 0) {
        NightSharpDebug::Logf("[AwarenessActivator] embedded awareness icons loaded=%d", loaded);
    }
}

} // namespace NightSharp::Companion::AwarenessIconAssets
